Date,Name,Description,Activity Types,Distance,Duration,Ascent,Descent,Calories,Feeling,RPE,Average Speed,Average Pace,Average Swim Pace,Average Grade Adjusted Pace,Average Heart Rate,Average Power,Maximum Power,VO2Max,Link
"1/7/2020","2020-01-07T00:09:55.000Z","","Running","8.51 Km","46m 16s","149 m","134 m","614 KCal","","","11.02 km/h","05:26 min/km","","05:38 min/km","","","","","https://quantified-self.io/user/fRf6bCiiKcWGtwF8dXYuUwJgnGe2/event/3J31ACsxjfMU1ZygYSvXVNWZRYCQg2z7HQbqpwaGbctR6Mh"
"1/9/2020","2020-01-09T06:26:03.000Z","","Running","5.28 Km","25m 26s","7 m","35 m","420 KCal","","","12.44 km/h","04:49 min/km","","04:43 min/km","178 bpm","","","","https://quantified-self.io/user/fRf6bCiiKcWGtwF8dXYuUwJgnGe2/event/3J31ACsxjfMU1ZygYSviBvJYp1DKAZk9V7KR3sxNZQC5idU"
"1/10/2020","2020-01-10T06:30:02.000Z","","Running","7.37 Km","38m 42s","21 m","37 m","594 KCal","","","11.42 km/h","05:15 min/km","","05:06 min/km","172 bpm","","","","https://quantified-self.io/user/fRf6bCiiKcWGtwF8dXYuUwJgnGe2/event/3J31ACsxjfMU1ZygYSvtshwYFAnXWmnBPn86K12VGpm4bdX"
"1/11/2020","2020-01-11T13:56:10.000Z","","Running","5.96 Km","31m 50s","14 m","35 m","433 KCal","","","11.24 km/h","05:20 min/km","","05:11 min/km","","","","","https://quantified-self.io/user/fRf6bCiiKcWGtwF8dXYuUwJgnGe2/event/3J31ACsxjfMU1ZygYSvttf1X4tMiwf8qenMzh97vLLot9PX"
"1/12/2020","2020-01-12T10:42:09.000Z","","Running","6.43 Km","34m 47s","42 m","66 m","525 KCal","","","11.09 km/h","05:24 min/km","","05:06 min/km","170 bpm","","","","https://quantified-self.io/user/fRf6bCiiKcWGtwF8dXYuUwJgnGe2/event/3J31ACsxjfMU1ZygYSyQPdzqqupsQT75WWJDxkcKburZfSc"
"1/15/2020","2020-01-15T17:11:26.000Z","","Running","5.23 Km","26m 40s","14 m","21 m","389 KCal","","","11.75 km/h","05:06 min/km","","05:00 min/km","167 bpm","","","","https://quantified-self.io/user/fRf6bCiiKcWGtwF8dXYuUwJgnGe2/event/3J31ACsxjfMU1ZygYTCFnsQrNMR2Xh8nBpgztnoN6NF5eMT"
"1/18/2020","2020-01-18T10:08:24.000Z","","Running","3.07 Km","10m 40s","0 m","0 m","156 KCal","","","17.28 km/h","03:28 min/km","","00:04 min/km","152 bpm","","","","https://quantified-self.io/user/fRf6bCiiKcWGtwF8dXYuUwJgnGe2/event/3J31ACsxjfMU1ZygYTCFnsn3dtEBSRRandUhv7PTpFDTCdt"
"1/18/2020","2020-01-18T10:22:52.000Z","","Running","7.94 Km","41m 44s","14 m","28 m","740 KCal","Average ","","11.42 km/h","05:15 min/km","","05:14 min/km","172 bpm","","","","https://quantified-self.io/user/fRf6bCiiKcWGtwF8dXYuUwJgnGe2/event/3J31ACsxjfMU1ZygYTCFnsn8WDUgPD9pUZGb2uDJZjD8xuP"
"1/21/2020","2020-01-21T19:39:56.000Z","","Running","7.59 Km","38m 08s","0 m","0 m","681 KCal","Average ","","11.94 km/h","05:01 min/km","","04:55 min/km","181 bpm","","","55.00 ","https://quantified-self.io/user/fRf6bCiiKcWGtwF8dXYuUwJgnGe2/event/3J31ACsxjfMU1ZygYTCW9AJQgBhAKHvgxSufJWNW6Cu8xtd"
"1/23/2020","2020-01-23T19:09:10.000Z","","Running","9.82 Km","53m 58s","64 m","50 m","821 KCal","Very Good ","","10.91 km/h","05:29 min/km","","05:26 min/km","167 bpm","","","54.50 ","https://quantified-self.io/user/fRf6bCiiKcWGtwF8dXYuUwJgnGe2/event/3J31ACsxjfMU1ZygYTCdwozuQSPkSrz6Pr29hbMaMfvq5Hb"
"1/24/2020","2020-01-24T09:42:12.000Z","","Running","5.41 Km","29m 50s","14 m","43 m","496 KCal","Average ","","10.88 km/h","05:30 min/km","","05:34 min/km","172 bpm","","","54.20 ","https://quantified-self.io/user/fRf6bCiiKcWGtwF8dXYuUwJgnGe2/event/3J31ACsxjfMU1ZygYTF9RM6qgKWP5vmk8vH3wh5bYcrb8Qs"
"1/25/2020","2020-01-25T11:22:54.000Z","","Running","6.93 Km","35m 55s","0 m","0 m","540 KCal","Average ","","11.58 km/h","05:10 min/km","","05:06 min/km","163 bpm","","","54.80 ","https://quantified-self.io/user/fRf6bCiiKcWGtwF8dXYuUwJgnGe2/event/3J31ACsxjfMU1ZygYTTp7rYUykKDNcGQd21JZdqhjfW27AV"
"1/27/2020","2020-01-27T07:20:11.000Z","","Running","1.38 Km","07m 40s","14 m","7 m","100 KCal","Poor ","","10.81 km/h","05:33 min/km","","05:23 min/km","148 bpm","","","55.00 ","https://quantified-self.io/user/fRf6bCiiKcWGtwF8dXYuUwJgnGe2/event/3J31ACsxjfMU1ZygYTTp7rYUxm94BgtAyKNfgoFPLH9f6eW"
"1/28/2020","2020-01-28T19:24:53.000Z","","Running","893.0 m","04m 53s","7 m","0 m","65 KCal","Good ","","10.95 km/h","05:28 min/km","","05:07 min/km","148 bpm","","","55.00 ","https://quantified-self.io/user/fRf6bCiiKcWGtwF8dXYuUwJgnGe2/event/3J31ACsxjfMU1ZygYTTpF9Fbmrx4ejSt2JwDyjymCsLPJUM"
"1/28/2020","2020-01-28T19:38:46.000Z","","Running","9.19 Km","47m 43s","0 m","0 m","800 KCal","Good ","","11.56 km/h","05:11 min/km","","05:02 min/km","174 bpm","","","55.60 ","https://quantified-self.io/user/fRf6bCiiKcWGtwF8dXYuUwJgnGe2/event/3J31ACsxjfMU1ZygYTTpFGaQCqdAr49upc7ath1rWz7xXxk"
"1/29/2020","2020-01-29T16:03:00.000Z","","Running","5.56 Km","30m 19s","28 m","14 m","465 KCal","Average ","","11.00 km/h","05:27 min/km","","05:20 min/km","165 bpm","","","55.60 ","https://quantified-self.io/user/fRf6bCiiKcWGtwF8dXYuUwJgnGe2/event/3J31ACsxjfMU1ZygYTTtP8KrbVfEJANNSMUECCneqKQfof2"
"1/30/2020","2020-01-30T19:04:05.000Z","","Running","6.13 Km","30m 59s","49 m","28 m","596 KCal","Good ","","11.87 km/h","05:03 min/km","","04:54 min/km","172 bpm","","","55.70 ","https://quantified-self.io/user/fRf6bCiiKcWGtwF8dXYuUwJgnGe2/event/3J31ACsxjfMU1ZygYTTzseqF5MXe32RYqi5iuDL7waibWzx"
"2/1/2020","2020-02-01T11:32:28.000Z","","Running","11.03 Km","58m 04s","50 m","35 m","939 KCal","Good ","","11.40 km/h","05:15 min/km","","05:11 min/km","172 bpm","","","55.60 ","https://quantified-self.io/user/fRf6bCiiKcWGtwF8dXYuUwJgnGe2/event/3J31ACsxjfMU1ZygYTU839bW8XtkumqqADiKAtZkShqCzSH"
"2/2/2020","2020-02-02T13:53:24.000Z","","Running","5.25 Km","29m 19s","43 m","0 m","388 KCal","Average ","","10.74 km/h","05:35 min/km","","05:25 min/km","153 bpm","","","55.80 ","https://quantified-self.io/user/fRf6bCiiKcWGtwF8dXYuUwJgnGe2/event/3J31ACsxjfMU1ZygYTUCFAR7tFn4mRXFxT4vzVJGAihMuTo"
"2/4/2020","2020-02-04T19:29:35.000Z","","Running","9.34 Km","56m 39s","0 m","0 m","790 KCal","Poor ","","9.90 km/h","06:03 min/km","","05:53 min/km","160 bpm","","","56.30 ","https://quantified-self.io/user/fRf6bCiiKcWGtwF8dXYuUwJgnGe2/event/3J31ACsxjfMU1ZygYTUNxPw7f1K8QqAd77DjseCckpsNnpo"
"2/6/2020","2020-02-06T19:11:03.000Z","","Running","11.51 Km","58m 02s","78 m","56 m","879 KCal","Very Good ","","11.90 km/h","05:02 min/km","","04:57 min/km","167 bpm","","","56.50 ","https://quantified-self.io/user/fRf6bCiiKcWGtwF8dXYuUwJgnGe2/event/3J31ACsxjfMU1ZygYTWx84m6Gar9VAbqbehkxp5tLwuFmRf"
"2/8/2020","2020-02-08T09:30:06.000Z","","Running","20.99 Km","01h 32m 33s","21 m","28 m","1663 KCal","Very Good ","","13.60 km/h","04:24 min/km","","04:20 min/km","183 bpm","","","57.10 ","https://quantified-self.io/user/fRf6bCiiKcWGtwF8dXYuUwJgnGe2/event/3J31ACsxjfMU1ZygYTX5Gb7551QMWRe5Q3jRCMETyyD9v9W"
"2/11/2020","2020-02-11T17:48:38.000Z","","Running","5.25 Km","30m 52s","21 m","50 m","406 KCal","Poor ","","10.19 km/h","05:53 min/km","","05:49 min/km","154 bpm","","","56.90 ","https://quantified-self.io/user/fRf6bCiiKcWGtwF8dXYuUwJgnGe2/event/3J31ACsxjfMU1ZygYTjh2jqWiNTWrt7G4bet8ibRBBnwRqd"
"2/12/2020","2020-02-12T16:01:15.000Z","","Running","5.55 Km","27m 07s","21 m","0 m","458 KCal","Good ","","12.29 km/h","04:52 min/km","","04:49 min/km","175 bpm","","","56.50 ","https://quantified-self.io/user/fRf6bCiiKcWGtwF8dXYuUwJgnGe2/event/3J31ACsxjfMU1ZygYTjoSThz99BB9sXrjsoWCmJVUof84fx"
"2/13/2020","2020-02-13T19:05:32.000Z","","Running","7.78 Km","43m 37s","72 m","56 m","601 KCal","Poor ","","10.71 km/h","05:36 min/km","","05:27 min/km","154 bpm","","","57.00 ","https://quantified-self.io/user/fRf6bCiiKcWGtwF8dXYuUwJgnGe2/event/3J31ACsxjfMU1ZygYTjsgFG6owpVTzfv546Mg2bd8V16KuC"
"2/15/2020","2020-02-15T10:33:52.000Z","","Running","12.85 Km","01h 11m 22s","57 m","70 m","982 KCal","Good ","","10.81 km/h","05:33 min/km","","05:24 min/km","162 bpm","","","56.80 ","https://quantified-self.io/user/fRf6bCiiKcWGtwF8dXYuUwJgnGe2/event/3J31ACsxjfMU1ZygYTjzqZvqvbDzGNKrtbrqm5sUYAmLzoq"
"2/16/2020","2020-02-16T10:47:07.000Z","","Running","5.50 Km","29m 32s","28 m","102 m","406 KCal","Good ","","11.18 km/h","05:22 min/km","","05:28 min/km","156 bpm","","","57.70 ","https://quantified-self.io/user/fRf6bCiiKcWGtwF8dXYuUwJgnGe2/event/3J31ACsxjfMU1ZygYTk7GjiCP483qXDWaWkrSh8rbdQzfn2"
"2/18/2020","2020-02-18T19:17:14.000Z","","Running","10.66 Km","52m 48s","0 m","0 m","1027 KCal","Good ","","12.12 km/h","04:57 min/km","","04:44 min/km","177 bpm","","","57.50 ","https://quantified-self.io/user/fRf6bCiiKcWGtwF8dXYuUwJgnGe2/event/3J31ACsxjfMU1ZygYTnh7AgcVXMRWYEUcNoHCMeaQwMNLuv"
"2/19/2020","2020-02-19T15:24:56.000Z","","Running","5.55 Km","30m 18s","28 m","21 m","491 KCal","Average ","","11.00 km/h","05:27 min/km","","05:21 min/km","171 bpm","","","57.30 ","https://quantified-self.io/user/fRf6bCiiKcWGtwF8dXYuUwJgnGe2/event/3J31ACsxjfMU1ZygYTnkgzQtGDizZQqTEyYSE7s9e9PXzY8"
"2/20/2020","2020-02-20T19:05:12.000Z","","Running","9.86 Km","50m 20s","49 m","42 m","749 KCal","Very Good ","","11.75 km/h","05:06 min/km","","05:04 min/km","165 bpm","","","57.10 ","https://quantified-self.io/user/fRf6bCiiKcWGtwF8dXYuUwJgnGe2/event/3J31ACsxjfMU1ZygYTnpupgCLWfzL41GGjozXPtC1Z1po4u"
"2/21/2020","2020-02-21T16:49:37.000Z","","Running","5.53 Km","28m 46s","7 m","35 m","441 KCal","Average ","","11.52 km/h","05:12 min/km","","05:07 min/km","163 bpm","","","57.10 ","https://quantified-self.io/user/fRf6bCiiKcWGtwF8dXYuUwJgnGe2/event/3J31ACsxjfMU1ZygYU1JBkDarn3W5BsaBCwvSaWjnTYAfrR"
"2/22/2020","2020-02-22T10:49:27.000Z","","Running","6.33 Km","33m 16s","36 m","28 m","477 KCal","Good ","","11.40 km/h","05:15 min/km","","05:09 min/km","161 bpm","","","57.00 ","https://quantified-self.io/user/fRf6bCiiKcWGtwF8dXYuUwJgnGe2/event/3J31ACsxjfMU1ZygYU1MjxackwtbfnHFBHzGARP9v2SaPWd"
"2/23/2020","2020-02-23T09:39:46.000Z","","Running","12.83 Km","01h 06m 26s","49 m","91 m","1023 KCal","Very Good ","","11.59 km/h","05:10 min/km","","05:04 min/km","169 bpm","","","57.10 ","https://quantified-self.io/user/fRf6bCiiKcWGtwF8dXYuUwJgnGe2/event/3J31ACsxjfMU1ZygYU1RNr6junaSHfkPWnWDTEybJtRSXCc"
"2/25/2020","2020-02-25T17:24:42.000Z","","Running","6.82 Km","36m 17s","28 m","57 m","528 KCal","Good ","","11.27 km/h","05:19 min/km","","05:16 min/km","163 bpm","","","56.80 ","https://quantified-self.io/user/fRf6bCiiKcWGtwF8dXYuUwJgnGe2/event/3J31ACsxjfMU1ZygYU1c8WjSX9UXXPkh8DCKArXTMYhUUnb"
"2/27/2020","2020-02-27T19:05:58.000Z","","Running","6.56 Km","34m 23s","7 m","36 m","649 KCal","Very Good ","","11.44 km/h","05:14 min/km","","05:05 min/km","171 bpm","","","56.60 ","https://quantified-self.io/user/fRf6bCiiKcWGtwF8dXYuUwJgnGe2/event/3J31ACsxjfMU1ZygYU1nkNT3n6es78cR65fCipFNxhgYtpC"
"2/28/2020","2020-02-28T18:05:25.000Z","","Running","10.55 Km","54m 02s","57 m","21 m","853 KCal","Very Good ","","11.72 km/h","05:07 min/km","","04:57 min/km","169 bpm","","","56.70 ","https://quantified-self.io/user/fRf6bCiiKcWGtwF8dXYuUwJgnGe2/event/3J31ACsxjfMU1ZygYU1rMfXEGyH2uPfZTeMzMmqZgYQDryq"
"3/1/2020","2020-03-01T09:44:35.000Z","","Running","10.44 Km","01h 02m 30s","71 m","14 m","830 KCal","Very Good ","","10.02 km/h","05:59 min/km","","05:52 min/km","154 bpm","","","56.10 ","https://quantified-self.io/user/fRf6bCiiKcWGtwF8dXYuUwJgnGe2/event/3J31ACsxjfMU1ZygYU4Nd6hMyXTwagPxYw9n1iwxPpJbJEb"
"3/3/2020","2020-03-03T17:32:18.000Z","","Running","6.66 Km","40m 36s","29 m","14 m","512 KCal","Good ","","9.84 km/h","06:05 min/km","","05:59 min/km","152 bpm","","","55.90 ","https://quantified-self.io/user/fRf6bCiiKcWGtwF8dXYuUwJgnGe2/event/3J31ACsxjfMU1ZygYUH3E7jzVXsfkmB8SFkB9X3aaLketXh"
"3/5/2020","2020-03-05T07:54:51.000Z","","Running","4.00 Km","22m 14s","14 m","21 m","290 KCal","Very Good ","","10.78 km/h","05:34 min/km","","05:37 min/km","151 bpm","","","55.90 ","https://quantified-self.io/user/fRf6bCiiKcWGtwF8dXYuUwJgnGe2/event/3J31ACsxjfMU1ZygYUH3ttyqW6hwvViqYM41eeeVbbFpNZ6"
"3/6/2020","2020-03-06T16:46:14.000Z","","Running","6.52 Km","35m 32s","49 m","244 m","563 KCal","Very Good ","","11.01 km/h","05:27 min/km","","05:08 min/km","164 bpm","","","55.90 ","https://quantified-self.io/user/fRf6bCiiKcWGtwF8dXYuUwJgnGe2/event/3J31ACsxjfMU1ZygYUHQbnWMKyrVh8P7ExHZqWuyp64QUks"
"3/10/2020","2020-03-10T06:31:22.000Z","","Running","5.13 Km","26m 41s","28 m","7 m","359 KCal","Very Good ","","11.53 km/h","05:12 min/km","","05:08 min/km","153 bpm","","","56.80 ","https://quantified-self.io/user/fRf6bCiiKcWGtwF8dXYuUwJgnGe2/event/3J31ACsxjfMU1ZygYUHUD4WjRqXUo35rwWEhz4YtHUk3F1F"
"3/10/2020","2020-03-10T19:22:57.000Z","","Running","5.11 Km","26m 52s","0 m","7 m","469 KCal","Poor ","","11.41 km/h","05:15 min/km","","05:11 min/km","164 bpm","","","57.00 ","https://quantified-self.io/user/fRf6bCiiKcWGtwF8dXYuUwJgnGe2/event/3J31ACsxjfMU1ZygYUHUv7sLgSqtuKvPmgPdaztvtLJ67t6"
"3/12/2020","2020-03-12T19:03:28.000Z","","Running","14.64 Km","01h 16m 16s","85 m","113 m","1256 KCal","Very Good ","","11.52 km/h","05:12 min/km","","05:03 min/km","176 bpm","","","56.90 ","https://quantified-self.io/user/fRf6bCiiKcWGtwF8dXYuUwJgnGe2/event/3J31ACsxjfMU1ZygYUL4eFnrAg62ZEqHAojtgLMs2dhBo9T"
"3/14/2020","2020-03-14T13:24:37.000Z","","Running","2.06 Km","10m 42s","0 m","0 m","165 KCal","Good ","","11.51 km/h","05:12 min/km","","05:05 min/km","164 bpm","","","56.90 ","https://quantified-self.io/user/fRf6bCiiKcWGtwF8dXYuUwJgnGe2/event/3J31ACsxjfMU1ZygYULBpPubKdshDREcCNwfUJ9b3jJifRv"
"3/14/2020","2020-03-14T14:02:34.000Z","","Running","10.06 Km","42m 16s","14 m","14 m","901 KCal","Very Good ","","14.28 km/h","04:12 min/km","","04:10 min/km","193 bpm","","","56.40 ","https://quantified-self.io/user/fRf6bCiiKcWGtwF8dXYuUwJgnGe2/event/3J31ACsxjfMU1ZygYULBqr7vJWdnP6QcPiyZeQuHP8rEZWi"
"3/14/2020","2020-03-14T15:02:37.000Z","","Running","1.50 Km","10m 01s","0 m","0 m","143 KCal","Very Good ","","8.95 km/h","06:42 min/km","","06:49 min/km","158 bpm","","","55.80 ","https://quantified-self.io/user/fRf6bCiiKcWGtwF8dXYuUwJgnGe2/event/3J31ACsxjfMU1ZygYULBqrzrrCcCRa1JsU5Lh22kBTdMhuh"
"3/16/2020","2020-03-16T18:21:48.000Z","","Running","5.19 Km","28m 21s","14 m","14 m","378 KCal","Good ","","10.98 km/h","05:27 min/km","","05:27 min/km","154 bpm","","","56.10 ","https://quantified-self.io/user/fRf6bCiiKcWGtwF8dXYuUwJgnGe2/event/3J31ACsxjfMU1ZygYULNW9iK3poG6d75XkzmTGKy2CV5uFz"
"3/17/2020","2020-03-17T18:09:46.000Z","","Running","6.25 Km","32m 25s","14 m","21 m","494 KCal","Very Good ","","11.57 km/h","05:11 min/km","","05:07 min/km","167 bpm","","","55.90 ","https://quantified-self.io/user/fRf6bCiiKcWGtwF8dXYuUwJgnGe2/event/3J31ACsxjfMU1ZygYUYqoqi3AEShki3NePRdyD4pSJjKEeq"
"3/19/2020","2020-03-19T17:33:36.000Z","","Running","12.88 Km","01h 02m 53s","21 m","43 m","1027 KCal","Very Good ","","12.29 km/h","04:52 min/km","","04:49 min/km","175 bpm","","","56.00 ","https://quantified-self.io/user/fRf6bCiiKcWGtwF8dXYuUwJgnGe2/event/3J31ACsxjfMU1ZygYUYydADLHFfyYjyWPX5okhmtovN2DDt"
"3/21/2020","2020-03-21T10:04:16.000Z","","Trail Running","190.0 m","01m 28s","0 m","0 m","26 KCal","Very Good ","","7.77 km/h","07:43 min/km","","06:24 min/km","152 bpm","","","56.00 ","https://quantified-self.io/user/fRf6bCiiKcWGtwF8dXYuUwJgnGe2/event/3J31ACsxjfMU1ZygYUZ9eooX1ybmGz3fDejasRZcwakm8A4"
"3/21/2020","New Event","","2x Running, Trail Running","18.17 Km","04h 05m 24s","799 m","758 m","0 KCal","Good ","Slight ","7.92 km/h","10:14 min/km","","10:16 min/km","169 bpm","","","","https://quantified-self.io/user/fRf6bCiiKcWGtwF8dXYuUwJgnGe2/event/knDuomAgpurrfTQWyw7M"
"3/24/2020","2020-03-24T07:18:11.000Z","","Running","6.03 Km","29m 41s","7 m","0 m","454 KCal","Good ","","12.19 km/h","04:55 min/km","","04:53 min/km","166 bpm","","","55.70 ","https://quantified-self.io/user/fRf6bCiiKcWGtwF8dXYuUwJgnGe2/event/3J31ACsxjfMU1ZygYUZM2yS1n7jEV2H6xiVh6pTappBgHH1"
"3/25/2020","2020-03-25T09:06:07.000Z","","Running","7.03 Km","35m 59s","7 m","7 m","538 KCal","Good ","","11.71 km/h","05:07 min/km","","05:04 min/km","168 bpm","","","55.60 ","https://quantified-self.io/user/fRf6bCiiKcWGtwF8dXYuUwJgnGe2/event/3J31ACsxjfMU1ZygYUbraYCu6GZuNf5DjHfGt78yNxUdDpZ"
"3/26/2020","2020-03-26T12:46:24.000Z","","Running","6.31 Km","31m 17s","14 m","42 m","498 KCal","Very Good ","","12.10 km/h","04:57 min/km","","04:51 min/km","168 bpm","","","56.30 ","https://quantified-self.io/user/fRf6bCiiKcWGtwF8dXYuUwJgnGe2/event/3J31ACsxjfMU1ZygYUbvoWs3LYMzJHJQWCufUQgnBUzYHXF"
"3/27/2020","2020-03-27T09:16:30.000Z","","Running","6.21 Km","31m 39s","14 m","35 m","502 KCal","Good ","","11.77 km/h","05:05 min/km","","05:02 min/km","166 bpm","","","56.50 ","https://quantified-self.io/user/fRf6bCiiKcWGtwF8dXYuUwJgnGe2/event/3J31ACsxjfMU1ZygYUbzQedZj8E3w2ntJuadhB5CLpX6oCh"
"3/28/2020","2020-03-28T10:27:44.000Z","","Running","9.27 Km","47m 05s","21 m","36 m","691 KCal","Good ","","11.81 km/h","05:04 min/km","","05:01 min/km","167 bpm","","","56.70 ","https://quantified-self.io/user/fRf6bCiiKcWGtwF8dXYuUwJgnGe2/event/3J31ACsxjfMU1ZygYUc6rm5uotqtThEPWxZhb5mZ9dTFZMA"
"3/29/2020","2020-03-29T10:29:52.000Z","","Running","8.38 Km","42m 55s","42 m","43 m","607 KCal","Good ","","11.71 km/h","05:07 min/km","","05:00 min/km","161 bpm","","","57.10 ","https://quantified-self.io/user/fRf6bCiiKcWGtwF8dXYuUwJgnGe2/event/3J31ACsxjfMU1ZygYUpXN4J1kse3avPrPHEHHbPr2F9wEr4"
"3/30/2020","2020-03-30T08:29:58.000Z","","Running","7.22 Km","39m 27s","21 m","71 m","519 KCal","Very Good ","","10.98 km/h","05:27 min/km","","05:23 min/km","155 bpm","","","57.40 ","https://quantified-self.io/user/fRf6bCiiKcWGtwF8dXYuUwJgnGe2/event/3J31ACsxjfMU1ZygYUpbZQLMgQSC6FLu536CBbwxMsTV7Rn"
"3/31/2020","2020-03-31T06:54:03.000Z","","Running","10.95 Km","56m 46s","56 m","85 m","809 KCal","Very Good ","","11.57 km/h","05:11 min/km","","05:07 min/km","163 bpm","","","57.20 ","https://quantified-self.io/user/fRf6bCiiKcWGtwF8dXYuUwJgnGe2/event/3J31ACsxjfMU1ZygYUphzZuc9HYbVbqRatcMn4M7XNMNgRe"
"4/1/2020","2020-04-01T09:45:05.000Z","","Running","9.38 Km","47m 52s","14 m","21 m","712 KCal","Very Good ","","11.75 km/h","05:06 min/km","","04:59 min/km","165 bpm","","","57.10 ","https://quantified-self.io/user/fRf6bCiiKcWGtwF8dXYuUwJgnGe2/event/3J31ACsxjfMU1ZygYUpmdTnxZCJ1izAQ5G4vKSAW2D26k5h"
"4/2/2020","2020-04-02T08:21:30.000Z","","Running","5.03 Km","26m 32s","28 m","42 m","391 KCal","Poor ","","11.37 km/h","05:16 min/km","","05:07 min/km","160 bpm","","","57.30 ","https://quantified-self.io/user/fRf6bCiiKcWGtwF8dXYuUwJgnGe2/event/3J31ACsxjfMU1ZygYUpqmUMv8arX1mjnhHgGyCN2b36vRPq"
"4/3/2020","2020-04-03T08:22:31.000Z","","Running","6.66 Km","33m 14s","42 m","42 m","554 KCal","Average ","","12.02 km/h","04:59 min/km","","04:50 min/km","169 bpm","","","57.70 ","https://quantified-self.io/user/fRf6bCiiKcWGtwF8dXYuUwJgnGe2/event/3J31ACsxjfMU1ZygYUpxDisNnmYe3FGoZMyQ26nbCbFGezG"
"4/4/2020","2020-04-04T09:25:35.000Z","","Running","12.58 Km","01h 03m 47s","24 m","43 m","972 KCal","Good ","","11.83 km/h","05:04 min/km","","04:58 min/km","169 bpm","","","57.50 ","https://quantified-self.io/user/fRf6bCiiKcWGtwF8dXYuUwJgnGe2/event/3J31ACsxjfMU1ZygYUq1sSD7QGtLE6GmPD385THFn3RakP9"
"4/5/2020","2020-04-05T08:12:28.000Z","","Running","9.91 Km","51m 36s","28 m","21 m","805 KCal","Good ","","11.53 km/h","05:12 min/km","","05:03 min/km","169 bpm","","","57.60 ","https://quantified-self.io/user/fRf6bCiiKcWGtwF8dXYuUwJgnGe2/event/3J31ACsxjfMU1ZygYUq5Uj6iUS5QMwK87hZbSDZoaw8EySr"
"4/6/2020","2020-04-06T09:41:49.000Z","","Running","5.29 Km","27m 39s","21 m","0 m","393 KCal","Good ","","11.47 km/h","05:13 min/km","","05:08 min/km","159 bpm","","","57.70 ","https://quantified-self.io/user/fRf6bCiiKcWGtwF8dXYuUwJgnGe2/event/3J31ACsxjfMU1ZygYUsbaTfRxoBaPkXST7UDPYwnj8iQPjF"
"4/7/2020","2020-04-07T09:10:37.000Z","","Running","12.42 Km","01h 12m 29s","42 m","35 m","922 KCal","Excellent ","","10.28 km/h","05:50 min/km","","05:44 min/km","156 bpm","","","57.60 ","https://quantified-self.io/user/fRf6bCiiKcWGtwF8dXYuUwJgnGe2/event/3J31ACsxjfMU1ZygYUsfDMv2bNu7s1J1n3ondCZgUvumNkr"
"4/8/2020","2020-04-08T09:54:51.000Z","","Running","5.94 Km","31m 41s","7 m","28 m","476 KCal","Good ","","11.25 km/h","05:19 min/km","","05:15 min/km","162 bpm","","","57.50 ","https://quantified-self.io/user/fRf6bCiiKcWGtwF8dXYuUwJgnGe2/event/3J31ACsxjfMU1ZygYUsjPmxD3xZ2BBY6fnPPu3s48n38Jnt"
"4/9/2020","2020-04-09T07:58:39.000Z","","Running","12.93 Km","01h 15m 31s","42 m","71 m","986 KCal","Very Good ","","10.27 km/h","05:50 min/km","","05:42 min/km","158 bpm","","","57.10 ","https://quantified-self.io/user/fRf6bCiiKcWGtwF8dXYuUwJgnGe2/event/3J31ACsxjfMU1ZygYUsqu86A4TkRYWYBrEkphKVk5Hmvxug"
"4/10/2020","2020-04-10T10:14:02.000Z","","Running","7.54 Km","42m 42s","21 m","7 m","578 KCal","Very Good ","","10.59 km/h","05:39 min/km","","05:33 min/km","158 bpm","","","57.10 ","https://quantified-self.io/user/fRf6bCiiKcWGtwF8dXYuUwJgnGe2/event/3J31ACsxjfMU1ZygYV6GM9rQd6jKqQLTBvodm6MMBXjVm9a"
"4/11/2020","2020-04-11T08:45:01.000Z","","Running","5.26 Km","24m 42s","14 m","0 m","396 KCal","Good ","","12.78 km/h","04:41 min/km","","04:39 min/km","170 bpm","","","57.30 ","https://quantified-self.io/user/fRf6bCiiKcWGtwF8dXYuUwJgnGe2/event/3J31ACsxjfMU1ZygYV6KxTf71AT5eeAtqadcK5ArHgDbaoz"
"4/12/2020","2020-04-12T08:11:33.000Z","","Running","12.56 Km","01h 02m 08s","21 m","58 m","956 KCal","Very Good ","","12.13 km/h","04:56 min/km","","04:53 min/km","171 bpm","","","57.30 ","https://quantified-self.io/user/fRf6bCiiKcWGtwF8dXYuUwJgnGe2/event/3J31ACsxjfMU1ZygYV6Q91AiG2rXLun8RFwFVAd5uii2cNq"
"4/13/2020","2020-04-13T10:19:25.000Z","","Running","6.01 Km","29m 39s","14 m","21 m","453 KCal","Very Good ","","12.15 km/h","04:56 min/km","","04:52 min/km","164 bpm","","","57.80 ","https://quantified-self.io/user/fRf6bCiiKcWGtwF8dXYuUwJgnGe2/event/3J31ACsxjfMU1ZygYV6WbnTrAZ2dqAUTmR3k9rqBpMCFJbn"
"4/14/2020","2020-04-14T06:31:48.000Z","","Running","11.59 Km","57m 45s","28 m","92 m","878 KCal","Very Good ","","12.04 km/h","04:58 min/km","","04:54 min/km","168 bpm","","","57.80 ","https://quantified-self.io/user/fRf6bCiiKcWGtwF8dXYuUwJgnGe2/event/3J31ACsxjfMU1ZygYV6aCGV6EtP7krSRFvHNxdh8gzQgu3v"
"4/15/2020","2020-04-15T08:05:12.000Z","","Running","18.36 Km","01h 29m 37s","49 m","43 m","1414 KCal","Excellent ","","12.29 km/h","04:52 min/km","","04:49 min/km","174 bpm","","","57.70 ","https://quantified-self.io/user/fRf6bCiiKcWGtwF8dXYuUwJgnGe2/event/3J31ACsxjfMU1ZygYV6eQHtbQTi5GYrTduh9qEoFjm84sUg"
"4/16/2020","2020-04-16T10:50:00.000Z","","Running","5.13 Km","27m 54s","0 m","14 m","386 KCal","Excellent ","","11.03 km/h","05:26 min/km","","05:19 min/km","156 bpm","","","57.50 ","https://quantified-self.io/user/fRf6bCiiKcWGtwF8dXYuUwJgnGe2/event/3J31ACsxjfMU1ZygYV6ksD4e9iXBr9rptd1umo4aTwVazpK"
"4/17/2020","2020-04-17T07:38:25.000Z","","Running","5.26 Km","29m 33s","0 m","43 m","387 KCal","Good ","","10.67 km/h","05:37 min/km","","05:31 min/km","153 bpm","","","57.20 ","https://quantified-self.io/user/fRf6bCiiKcWGtwF8dXYuUwJgnGe2/event/3J31ACsxjfMU1ZygYV6pVKMzua1kM9AFtAPwpwAvorrUXhs"
"4/18/2020","2020-04-18T09:36:26.000Z","","Running","21.86 Km","01h 56m 19s","71 m","92 m","1686 KCal","Very Good ","","11.28 km/h","05:19 min/km","","05:13 min/km","167 bpm","","","57.00 ","https://quantified-self.io/user/fRf6bCiiKcWGtwF8dXYuUwJgnGe2/event/3J31ACsxjfMU1ZygYV9HmynHBJoKnoNbKmBri1gkNxoPkT5"
"4/19/2020","2020-04-19T09:28:04.000Z","","Running","6.00 Km","34m 36s","63 m","21 m","460 KCal","Excellent ","","10.40 km/h","05:46 min/km","","05:35 min/km","155 bpm","","","56.80 ","https://quantified-self.io/user/fRf6bCiiKcWGtwF8dXYuUwJgnGe2/event/3J31ACsxjfMU1ZygYV9QCUB15PBxPy5oM6JUVFNRqUccWDJ"
"4/20/2020","2020-04-20T07:49:40.000Z","","Running","5.26 Km","30m 36s","50 m","49 m","397 KCal","Good ","","10.32 km/h","05:48 min/km","","05:41 min/km","152 bpm","","","56.70 ","https://quantified-self.io/user/fRf6bCiiKcWGtwF8dXYuUwJgnGe2/event/3J31ACsxjfMU1ZygYV9UUYTHygkQvDyKtqffbTgacmVacbW"
"4/21/2020","2020-04-21T07:42:12.000Z","","Running","12.78 Km","01h 12m 12s","57 m","150 m","966 KCal","Very Good ","","10.62 km/h","05:39 min/km","","05:32 min/km","161 bpm","","","56.70 ","https://quantified-self.io/user/fRf6bCiiKcWGtwF8dXYuUwJgnGe2/event/3J31ACsxjfMU1ZygYV9XzzN2gchwfjcxedAR91SHTuVnA2V"
"4/22/2020","2020-04-22T08:31:07.000Z","","Running","10.13 Km","58m 05s","42 m","28 m","736 KCal","Very Good ","","10.46 km/h","05:44 min/km","","05:37 min/km","155 bpm","","","56.40 ","https://quantified-self.io/user/fRf6bCiiKcWGtwF8dXYuUwJgnGe2/event/3J31ACsxjfMU1ZygYfwwM4Zvsg7sDMajatJN11dfNBcRDQC"
"4/23/2020","2020-04-23T09:52:46.000Z","","Running","11.31 Km","55m 06s","36 m","28 m","970 KCal","Average ","","12.32 km/h","04:52 min/km","","04:44 min/km","179 bpm","","","56.60 ","https://quantified-self.io/user/fRf6bCiiKcWGtwF8dXYuUwJgnGe2/event/3J31ACsxjfMU1ZygYfx12EnQ3qFL7H3vGBVQNmazEMiYhvR"
"4/24/2020","2020-04-24T15:46:06.000Z","","Running","5.40 Km","26m 15s","21 m","35 m","406 KCal","Very Good ","","12.34 km/h","04:51 min/km","","04:48 min/km","165 bpm","","","57.30 ","https://quantified-self.io/user/fRf6bCiiKcWGtwF8dXYuUwJgnGe2/event/3J31ACsxjfMU1ZygYfx84GxE7VN8gn3CdRdippwwJMSqRdB"
"4/25/2020","2020-04-25T11:11:40.000Z","","Running","9.18 Km","49m 36s","14 m","7 m","656 KCal","Excellent ","","11.11 km/h","05:24 min/km","","05:15 min/km","156 bpm","","","57.30 ","https://quantified-self.io/user/fRf6bCiiKcWGtwF8dXYuUwJgnGe2/event/3J31ACsxjfMU1ZygYfxBdxzL8asKxits5JVPSdoWdxYVb6V"
"4/26/2020","2020-04-26T08:27:00.000Z","","Running","6.73 Km","36m 23s","21 m","85 m","502 KCal","Good ","","11.09 km/h","05:24 min/km","","05:17 min/km","159 bpm","","","57.40 ","https://quantified-self.io/user/fRf6bCiiKcWGtwF8dXYuUwJgnGe2/event/3J31ACsxjfMU1ZygYfxFFFLCtogBsZWBzAHsQsTTHzDeEn4"
"4/27/2020","2020-04-27T10:16:12.000Z","","Running","5.70 Km","26m 01s","7 m","28 m","428 KCal","Excellent ","","13.13 km/h","04:34 min/km","","04:31 min/km","169 bpm","","","57.90 ","https://quantified-self.io/user/fRf6bCiiKcWGtwF8dXYuUwJgnGe2/event/3J31ACsxjfMU1ZygYfxKSTsLCy6QKyLEXn5tjHroLTNSj1P"
"4/28/2020","2020-04-28T07:33:37.000Z","","Running","13.32 Km","01h 08m 37s","28 m","21 m","1028 KCal","Very Good ","","11.65 km/h","05:09 min/km","","05:04 min/km","166 bpm","","","57.90 ","https://quantified-self.io/user/fRf6bCiiKcWGtwF8dXYuUwJgnGe2/event/3J31ACsxjfMU1ZygYfxP4hVLcCZUtfXx14P8bgnareKPzfb"
"4/29/2020","2020-04-29T06:21:43.000Z","","Running","4.18 Km","21m 39s","21 m","14 m","334 KCal","Very Good ","","11.58 km/h","05:10 min/km","","05:01 min/km","163 bpm","","","57.80 ","https://quantified-self.io/user/fRf6bCiiKcWGtwF8dXYuUwJgnGe2/event/3J31ACsxjfMU1ZygYfxVUEbdXnhhH7x64puhRt8gYGRwRUd"
"4/30/2020","2020-04-30T07:49:49.000Z","","Running","9.31 Km","46m 27s","42 m","7 m","762 KCal","Very Good ","","12.02 km/h","04:59 min/km","","04:50 min/km","173 bpm","","","57.40 ","https://quantified-self.io/user/fRf6bCiiKcWGtwF8dXYuUwJgnGe2/event/3J31ACsxjfMU1ZygYfzxoUwpTB4AW3pwSCc2YtoWaGgRV1e"
"5/1/2020","2020-05-01T10:20:43.000Z","","Running","5.50 Km","28m 07s","7 m","28 m","422 KCal","Very Good ","","11.75 km/h","05:06 min/km","","05:05 min/km","163 bpm","","","57.50 ","https://quantified-self.io/user/fRf6bCiiKcWGtwF8dXYuUwJgnGe2/event/3J31ACsxjfMU1ZygYg15EeYtCcLuNCuqAeZFiK82FJMEgbR"
"5/2/2020","2020-05-02T10:09:30.000Z","","Running","7.00 Km","36m 09s","14 m","42 m","478 KCal","Very Good ","","11.62 km/h","05:09 min/km","","05:09 min/km","156 bpm","","","57.90 ","https://quantified-self.io/user/fRf6bCiiKcWGtwF8dXYuUwJgnGe2/event/3J31ACsxjfMU1ZygYg18uAMRQJs3JgGa7WSBs1ZE9Ve2Rs9"
"5/3/2020","2020-05-03T09:18:37.000Z","","Running","7.22 Km","37m 31s","28 m","43 m","520 KCal","Very Good ","","11.55 km/h","05:11 min/km","","05:05 min/km","159 bpm","","","58.20 ","https://quantified-self.io/user/fRf6bCiiKcWGtwF8dXYuUwJgnGe2/event/3J31ACsxjfMU1ZygYg1CVdyj9hLxneyq8nK4KfYGTmuztxS"
"5/5/2020","2020-05-05T09:12:07.000Z","","Running","13.19 Km","01h 02m 13s","28 m","28 m","1052 KCal","Excellent ","","12.72 km/h","04:42 min/km","","04:40 min/km","177 bpm","","","57.70 ","https://quantified-self.io/user/fRf6bCiiKcWGtwF8dXYuUwJgnGe2/event/3J31ACsxjfMU1ZygYgDjytHB7TiATC6YNZ51ScV1DMBXM3d"
"5/6/2020","2020-05-06T08:38:35.000Z","","Running","7.49 Km","37m 51s","28 m","43 m","587 KCal","","","11.86 km/h","05:03 min/km","","04:58 min/km","166 bpm","","","57.60 ","https://quantified-self.io/user/fRf6bCiiKcWGtwF8dXYuUwJgnGe2/event/3J31ACsxjfMU1ZygYgDodRhFVtNkJiZXzqvaWatxD7oR2Ae"
"5/7/2020","2020-05-07T07:32:19.000Z","","Running","5.23 Km","26m 24s","35 m","7 m","382 KCal","Very Good ","","11.88 km/h","05:03 min/km","","04:57 min/km","161 bpm","","","57.40 ","https://quantified-self.io/user/fRf6bCiiKcWGtwF8dXYuUwJgnGe2/event/3cPQA91MbTn2CvY9o7vAkdRz6UzM2gTq3MmKpiKgyYoLjSQ"
"5/8/2020","2020-05-08T08:48:23.000Z","","Running","12.88 Km","01h 13m 21s","101 m","21 m","1053 KCal","Very Good ","","10.53 km/h","05:41 min/km","","05:31 min/km","167 bpm","","","57.50 ","https://quantified-self.io/user/fRf6bCiiKcWGtwF8dXYuUwJgnGe2/event/3cPQA91MbTn2CvY9o7vHBvKkZXtEF2t6UgGuk83yXcNUEBy"
"5/9/2020","2020-05-09T09:44:12.000Z","","Running","5.28 Km","27m 05s","0 m","7 m","389 KCal","Very Good ","","11.69 km/h","05:07 min/km","","05:04 min/km","160 bpm","","","57.40 ","https://quantified-self.io/user/fRf6bCiiKcWGtwF8dXYuUwJgnGe2/event/3cPQA91MbTn2CvY9o7vLpqgDQygmDUJ9DNUwsvEpXfS6eq6"
"5/10/2020","2020-05-10T07:33:25.000Z","","Running","21.39 Km","02h 03m 45s","205 m","176 m","1906 KCal","Very Good ","","10.37 km/h","05:47 min/km","","05:33 min/km","170 bpm","","","56.80 ","https://quantified-self.io/user/fRf6bCiiKcWGtwF8dXYuUwJgnGe2/event/3cPQA91MbTn2CvY9o7vQzbGNh1wjaPgpr4XDFFShkcnjc34"
"5/12/2020","2020-05-12T09:01:16.000Z","","Running","7.01 Km","35m 24s","7 m","7 m","475 KCal","Very Good ","","11.87 km/h","05:03 min/km","","05:02 min/km","156 bpm","","","57.20 ","https://quantified-self.io/user/fRf6bCiiKcWGtwF8dXYuUwJgnGe2/event/3cPQA91MbTn2CvY9o7xzAFMm6dHiHAYRTUBfwwxfrXA3U7o"
"5/13/2020","2020-05-13T08:47:03.000Z","","Running","5.20 Km","26m 38s","51 m","7 m","349 KCal","Very Good ","","11.71 km/h","05:07 min/km","","04:59 min/km","152 bpm","","","57.90 ","https://quantified-self.io/user/fRf6bCiiKcWGtwF8dXYuUwJgnGe2/event/3cPQA91MbTn2CvY9o7y4LeUoRffBAgQzP73WJZqYvhbvz9z"
"5/14/2020","2020-05-14T07:19:10.000Z","","Running","13.42 Km","01h 07m 54s","44 m","56 m","956 KCal","Very Good ","","11.86 km/h","05:03 min/km","","04:58 min/km","163 bpm","","","58.10 ","https://quantified-self.io/user/fRf6bCiiKcWGtwF8dXYuUwJgnGe2/event/3cPQA91MbTn2CvY9o7yAncuwwks5pKZ8GTf6dpYiDi4Wrap"
"5/15/2020","2020-05-15T08:14:23.000Z","","Running","5.21 Km","27m 00s","14 m","28 m","365 KCal","Very Good ","","11.59 km/h","05:10 min/km","","05:10 min/km","155 bpm","","","58.10 ","https://quantified-self.io/user/fRf6bCiiKcWGtwF8dXYuUwJgnGe2/event/3cPQA91MbTn2CvY9o7yEQihfa1K5oUK3CqFBKXbspcCNTum"
"5/16/2020","2020-05-16T09:16:34.000Z","","Running","16.05 Km","01h 27m 39s","35 m","28 m","1249 KCal","Good ","","10.99 km/h","05:27 min/km","","05:18 min/km","165 bpm","","","58.50 ","https://quantified-self.io/user/fRf6bCiiKcWGtwF8dXYuUwJgnGe2/event/3cPQA91MbTn2CvY9o7yJdYbqCJXPzbwUAU1dTeERJn873ZX"
"5/17/2020","2020-05-17T09:20:31.000Z","","Running","5.24 Km","26m 02s","14 m","50 m","374 KCal","Good ","","12.07 km/h","04:58 min/km","","04:58 min/km","160 bpm","","","58.40 ","https://quantified-self.io/user/fRf6bCiiKcWGtwF8dXYuUwJgnGe2/event/3cPQA91MbTn2CvY9o8Bmudp7apt7G4B6jEPhbctk4SpGPzD"
"5/18/2020","2020-05-18T08:13:52.000Z","","Running","7.03 Km","36m 21s","21 m","14 m","525 KCal","Very Good ","","11.61 km/h","05:10 min/km","","05:06 min/km","162 bpm","","","58.00 ","https://quantified-self.io/user/fRf6bCiiKcWGtwF8dXYuUwJgnGe2/event/3cPQA91MbTn2CvY9o8BqYXtNjcfkZEnuHduUgbogppm1rU2"
"5/19/2020","2020-05-19T07:39:02.000Z","","Running","15.80 Km","01h 21m 03s","35 m","49 m","1209 KCal","Excellent ","","11.70 km/h","05:07 min/km","","05:03 min/km","169 bpm","","","58.00 ","https://quantified-self.io/user/fRf6bCiiKcWGtwF8dXYuUwJgnGe2/event/3cPQA91MbTn2CvY9o8Buj5F2M6US7Drtgo7xh8bYYTzsvvE"
"5/20/2020","2020-05-20T07:59:24.000Z","","Running","7.33 Km","40m 16s","7 m","93 m","533 KCal","Very Good ","","10.92 km/h","05:29 min/km","","05:31 min/km","155 bpm","","","57.60 ","https://quantified-self.io/user/fRf6bCiiKcWGtwF8dXYuUwJgnGe2/event/3cPQA91MbTn2CvY9o8ByMAxsmNhF2EjuDDzbqDNGGc8C34h"
"5/21/2020","2020-05-21T07:38:18.000Z","","Running","5.21 Km","29m 06s","7 m","14 m","377 KCal","Very Good ","","10.75 km/h","05:34 min/km","","05:35 min/km","152 bpm","","","57.50 ","https://quantified-self.io/user/fRf6bCiiKcWGtwF8dXYuUwJgnGe2/event/3cPQA91MbTn2CvY9o8C5o9QEMPpiuxK4q46oHiyiLNqPHKD"
"5/22/2020","2020-05-22T08:25:54.000Z","","Running","11.00 Km","57m 49s","35 m","35 m","795 KCal","Very Good ","","11.42 km/h","05:15 min/km","","05:11 min/km","161 bpm","","","57.50 ","https://quantified-self.io/user/fRf6bCiiKcWGtwF8dXYuUwJgnGe2/event/3cPQA91MbTn2CvY9o8C9SC7LmDAbSS3Q3q5Q6ijk9EgtA1N"
"5/23/2020","2020-05-23T10:55:00.000Z","","Running","8.49 Km","40m 28s","42 m","28 m","602 KCal","Excellent ","","12.58 km/h","04:46 min/km","","04:44 min/km","165 bpm","","","57.70 ","https://quantified-self.io/user/fRf6bCiiKcWGtwF8dXYuUwJgnGe2/event/3cPQA91MbTn2CvY9o8CGTHWRskndWSricwuhKUdkvfNQAWe"
"5/24/2020","2020-05-24T09:26:16.000Z","","Running","5.24 Km","25m 22s","100 m","7 m","365 KCal","Good ","","12.40 km/h","04:50 min/km","","04:33 min/km","159 bpm","","","58.60 ","https://quantified-self.io/user/fRf6bCiiKcWGtwF8dXYuUwJgnGe2/event/3cPQA91MbTn2CvY9o8EjBnmRo8GoTyendgRJe4TUZrs1dK3"
"5/25/2020","2020-05-25T07:24:15.000Z","","Cycling","18.69 Km","01h 00m 18s","64 m","56 m","535 KCal","Good ","","18.60 km/h","","","00:05 min/km","130 bpm","","","","https://quantified-self.io/user/fRf6bCiiKcWGtwF8dXYuUwJgnGe2/event/3cPQA91MbTn2CvY9o8EoNCHSRTyeCiv6tCogtEf1Aekfh4Q"
"5/25/2020","2020-05-25T08:31:07.000Z","","Running","22.11 Km","02h 07m 24s","148 m","190 m","1784 KCal","Very Good ","","10.41 km/h","05:45 min/km","","05:39 min/km","162 bpm","","","58.20 ","https://quantified-self.io/user/fRf6bCiiKcWGtwF8dXYuUwJgnGe2/event/3cPQA91MbTn2CvY9o8EoNCRz45zC7Y4JrqGcpLhzwKF3uf7"
"5/26/2020","2020-05-26T15:41:47.000Z","","Running","5.54 Km","32m 07s","14 m","36 m","425 KCal","Very Good ","","10.34 km/h","05:48 min/km","","05:41 min/km","153 bpm","","","58.00 ","https://quantified-self.io/user/fRf6bCiiKcWGtwF8dXYuUwJgnGe2/event/3cPQA91MbTn2CvY9o8EuraasPhELLEX3FaALMdWRsd2zfkc"
"5/28/2020","2020-05-28T07:51:57.000Z","","Running","12.40 Km","01h 04m 48s","21 m","21 m","1017 KCal","Very Good ","","11.48 km/h","05:13 min/km","","05:07 min/km","171 bpm","","","57.30 ","https://quantified-self.io/user/fRf6bCiiKcWGtwF8dXYuUwJgnGe2/event/3cPQA91MbTn2CvY9o8F34M8SSwFZgaRfAVNGx2urVra87h7"
"5/29/2020","2020-05-29T08:38:11.000Z","","Running","6.65 Km","36m 06s","21 m","21 m","559 KCal","","","11.05 km/h","05:25 min/km","","05:18 min/km","167 bpm","","","57.50 ","https://quantified-self.io/user/fRf6bCiiKcWGtwF8dXYuUwJgnGe2/event/3cPQA91MbTn2CvY9o8TU6KkjmWv6LLzeKUksrfK1UjhSueR"
"5/30/2020","2020-05-30T10:02:27.000Z","","Running","5.16 Km","27m 52s","14 m","28 m","434 KCal","","","11.10 km/h","05:24 min/km","","05:26 min/km","168 bpm","","","57.20 ","https://quantified-self.io/user/fRf6bCiiKcWGtwF8dXYuUwJgnGe2/event/3cPQA91MbTn2CvY9o8TaYTtXBier8zkzqp5KaYCz9uvan2n"
"5/31/2020","2020-05-31T08:23:29.000Z","","Running","11.95 Km","01h 06m 10s","14 m","56 m","995 KCal","Good ","","10.84 km/h","05:32 min/km","","05:27 min/km","170 bpm","","","57.10 ","https://quantified-self.io/user/fRf6bCiiKcWGtwF8dXYuUwJgnGe2/event/3cPQA91MbTn2CvY9o8TeAZ8RDCXkaWM7xK64hL8pckY8ftg"
"6/2/2020","2020-06-02T07:11:06.000Z","","Running","12.35 Km","01h 05m 14s","21 m","42 m","916 KCal","Very Good ","","11.35 km/h","05:17 min/km","","05:11 min/km","163 bpm","","","57.00 ","https://quantified-self.io/user/fRf6bCiiKcWGtwF8dXYuUwJgnGe2/event/3cPQA91MbTn2CvY9o8Tpo553kgP8pPN4E1bMgx4ixPnCcb9"
"6/3/2020","2020-06-03T11:55:51.000Z","","Running","8.12 Km","41m 54s","14 m","7 m","625 KCal","Very Good ","","11.62 km/h","05:09 min/km","","05:05 min/km","165 bpm","","","57.10 ","https://quantified-self.io/user/fRf6bCiiKcWGtwF8dXYuUwJgnGe2/event/3cPQA91MbTn2CvY9o8TtTj7S915HZxHQyfqZzWudgGzg7W3"
"6/4/2020","2020-06-04T09:35:10.000Z","","Running","6.02 Km","31m 01s","7 m","21 m","434 KCal","Very Good ","","11.64 km/h","05:09 min/km","","05:04 min/km","158 bpm","","","57.20 ","https://quantified-self.io/user/fRf6bCiiKcWGtwF8dXYuUwJgnGe2/event/3cPQA91MbTn2CvY9o8TxcPm7vy3u8AYPRBAQQGFn11rm18j"
"6/5/2020","2020-06-05T09:05:21.000Z","","Running","13.74 Km","01h 18m 52s","42 m","21 m","988 KCal","Very Good ","","10.45 km/h","05:44 min/km","","05:39 min/km","156 bpm","","","57.70 ","https://quantified-self.io/user/fRf6bCiiKcWGtwF8dXYuUwJgnGe2/event/3cPQA91MbTn2CvY9o8WU9JEqPJBTk6ygwR7ts9yXFrajNay"
"6/6/2020","2020-06-06T09:42:17.000Z","","Running","10.18 Km","54m 33s","21 m","14 m","682 KCal","Excellent ","","11.20 km/h","05:21 min/km","","05:19 min/km","154 bpm","","","57.60 ","https://quantified-self.io/user/fRf6bCiiKcWGtwF8dXYuUwJgnGe2/event/3cPQA91MbTn2CvY9o8WXnqdAcQiAvf9qQx2vDjE2UQ7Luqz"
"6/7/2020","2020-06-07T08:16:06.000Z","","Cycling","10.59 Km","35m 29s","43 m","57 m","323 KCal","Very Good ","","17.90 km/h","","","00:04 min/km","128 bpm","","","","https://quantified-self.io/user/fRf6bCiiKcWGtwF8dXYuUwJgnGe2/event/3cPQA91MbTn2CvY9o8WbwnP2iiTxFkQ5knSFs1pWELez5Jd"
"6/7/2020","2020-06-07T08:58:44.000Z","","Running","25.04 Km","02h 35m 04s","247 m","240 m","2270 KCal","Very Good ","","9.69 km/h","06:11 min/km","","05:58 min/km","166 bpm","","","57.20 ","https://quantified-self.io/user/fRf6bCiiKcWGtwF8dXYuUwJgnGe2/event/3cPQA91MbTn2CvY9o8Wbz4hu3SEmELgEbohPMir4qAPdp7T"
"6/9/2020","2020-06-09T08:17:24.000Z","","Running","5.24 Km","29m 07s","21 m","0 m","347 KCal","Excellent ","","10.80 km/h","05:33 min/km","","05:26 min/km","146 bpm","","","57.30 ","https://quantified-self.io/user/fRf6bCiiKcWGtwF8dXYuUwJgnGe2/event/3cPQA91MbTn2CvY9o8Wn5tK7mdtqd9ccRxfmxNpEhb6hgxc"
"6/10/2020","2020-06-10T05:59:17.000Z","","Running","6.85 Km","38m 56s","7 m","28 m","426 KCal","Very Good ","","10.56 km/h","05:41 min/km","","05:38 min/km","141 bpm","","","57.50 ","https://quantified-self.io/user/fRf6bCiiKcWGtwF8dXYuUwJgnGe2/event/3cPQA91MbTn2CvY9o8jCWJiLVk3vykm3oj9nhhtCBPvaHHZ"
"6/12/2020","2020-06-12T11:58:58.000Z","","Running","5.86 Km","31m 30s","7 m","0 m","451 KCal","Very Good ","","11.15 km/h","05:22 min/km","","05:18 min/km","161 bpm","","","57.00 ","https://quantified-self.io/user/fRf6bCiiKcWGtwF8dXYuUwJgnGe2/event/3cPQA91MbTn2CvY9o8jPC68vevD7EX2ZjVf1KEmXqoe7b89"
"6/13/2020","2020-06-13T08:18:34.000Z","","Running","12.66 Km","01h 11m 12s","57 m","57 m","964 KCal","Very Good ","","10.66 km/h","05:37 min/km","","05:29 min/km","159 bpm","","","57.00 ","https://quantified-self.io/user/fRf6bCiiKcWGtwF8dXYuUwJgnGe2/event/3cPQA91MbTn2CvY9o8jTLtFinKMh6FKo5r9eVk2eoCf4btk"
"6/14/2020","2020-06-14T09:18:22.000Z","","Running","5.63 Km","34m 32s","28 m","21 m","534 KCal","Poor ","","9.77 km/h","06:08 min/km","","05:58 min/km","161 bpm","","","56.70 ","https://quantified-self.io/user/fRf6bCiiKcWGtwF8dXYuUwJgnGe2/event/3cPQA91MbTn2CvY9o8jWyvbfw8vW6MJNEueYEi6txLCmTzb"
"6/15/2020","2020-06-15T13:14:09.000Z","","Running","5.08 Km","22m 42s","0 m","0 m","425 KCal","Average ","","13.41 km/h","04:28 min/km","","04:27 min/km","185 bpm","","","56.60 ","https://quantified-self.io/user/fRf6bCiiKcWGtwF8dXYuUwJgnGe2/event/3cPQA91MbTn2CvY9o8jdTXgPM579qcvWMzDCQGfToinvdEk"
"6/16/2020","2020-06-16T07:32:02.000Z","","Running","12.58 Km","01h 09m 00s","21 m","64 m","1063 KCal","Very Good ","","10.94 km/h","05:29 min/km","","05:24 min/km","170 bpm","","","56.60 ","https://quantified-self.io/user/fRf6bCiiKcWGtwF8dXYuUwJgnGe2/event/3cPQA91MbTn2CvY9o8jh3C4y6vCaprtnHyXBRZQPaLqBp1N"
"6/17/2020","2020-06-17T09:44:16.000Z","","Running","11.00 Km","57m 50s","21 m","14 m","927 KCal","Excellent ","","11.41 km/h","05:15 min/km","","05:10 min/km","173 bpm","","","56.30 ","https://quantified-self.io/user/fRf6bCiiKcWGtwF8dXYuUwJgnGe2/event/3cPQA91MbTn2CvY9o8jmFD7442MYtmyN8CjwNNTw2N7qe9W"
"6/18/2020","2020-06-18T07:44:50.000Z","","Running","5.25 Km","28m 35s","21 m","0 m","383 KCal","Very Good ","","11.02 km/h","05:26 min/km","","05:20 min/km","156 bpm","","","56.40 ","https://quantified-self.io/user/fRf6bCiiKcWGtwF8dXYuUwJgnGe2/event/3cPQA91MbTn2CvY9o8nGqM3b7e7NbzpvM6eoi7Nh2TkvHLt"
"6/19/2020","2020-06-19T10:05:53.000Z","","Running","11.08 Km","01h 02m 19s","28 m","36 m","787 KCal","Very Good ","","10.67 km/h","05:37 min/km","","05:32 min/km","154 bpm","","","56.30 ","https://quantified-self.io/user/fRf6bCiiKcWGtwF8dXYuUwJgnGe2/event/3cPQA91MbTn2CvY9o8nPt5TQWfo8j49ibaFVTx9LkZ5AncD"
"6/20/2020","2020-06-20T08:47:05.000Z","","Running","6.06 Km","35m 14s","28 m","42 m","487 KCal","Average ","","10.32 km/h","05:48 min/km","","05:43 min/km","154 bpm","","","56.60 ","https://quantified-self.io/user/fRf6bCiiKcWGtwF8dXYuUwJgnGe2/event/3cPQA91MbTn2CvY9o8nQaUSHFzaB1KoFsb69pg8ddvHjWCd"
"6/21/2020","2020-06-21T10:11:04.000Z","","Running","10.62 Km","01h 00m 16s","28 m","21 m","725 KCal","Very Good ","","10.58 km/h","05:40 min/km","","05:35 min/km","150 bpm","","","56.70 ","https://quantified-self.io/user/fRf6bCiiKcWGtwF8dXYuUwJgnGe2/event/3cPQA91MbTn2CvY9o8nX3PPRqqAcmpLzR9hcqLRAxfBrMKy"
"6/22/2020","2020-06-22T06:45:39.000Z","","Running","5.29 Km","26m 38s","7 m","7 m","340 KCal","Excellent ","","11.92 km/h","05:02 min/km","","04:56 min/km","150 bpm","","","57.90 ","https://quantified-self.io/user/fRf6bCiiKcWGtwF8dXYuUwJgnGe2/event/3cPQA91MbTn2CvY9o8zwVb3DXj6KcYxnjPgWjqSAtAMzV25"
"6/23/2020","2020-06-23T06:51:16.000Z","","Running","7.12 Km","36m 07s","21 m","14 m","486 KCal","Average ","","11.82 km/h","05:04 min/km","","04:59 min/km","156 bpm","","","58.40 ","https://quantified-self.io/user/fRf6bCiiKcWGtwF8dXYuUwJgnGe2/event/3cPQA91MbTn2CvY9o911g1SbJtExX2panJ9eELt7Mjf4Zac"
"6/24/2020","2020-06-24T14:02:24.000Z","","Running","7.65 Km","40m 10s","49 m","56 m","618 KCal","","","11.43 km/h","05:15 min/km","","05:10 min/km","168 bpm","","","58.00 ","https://quantified-self.io/user/fRf6bCiiKcWGtwF8dXYuUwJgnGe2/event/3cPQA91MbTn2CvY9o91BmfVvP112nBYsFPaUHoaVNzgZ8vQ"
"6/26/2020","2020-06-26T08:40:20.000Z","","Running","6.36 Km","34m 25s","199 m","0 m","493 KCal","Good ","","11.08 km/h","05:24 min/km","","04:59 min/km","162 bpm","","","57.70 ","https://quantified-self.io/user/fRf6bCiiKcWGtwF8dXYuUwJgnGe2/event/3cPQA91MbTn2CvY9o91FzVyynweG51kq6frSGNmu8URCDJ4"
"6/27/2020","2020-06-27T11:22:58.000Z","","Running","13.20 Km","01h 15m 59s","30 m","28 m","934 KCal","Good ","","10.42 km/h","05:45 min/km","","05:39 min/km","153 bpm","","","57.60 ","https://quantified-self.io/user/fRf6bCiiKcWGtwF8dXYuUwJgnGe2/event/3cPQA91MbTn2CvY9o91NRz3PpMobdG5jUcju1Q1T7VcyUio"
"6/28/2020","2020-06-28T09:07:25.000Z","","Running","6.05 Km","32m 49s","28 m","14 m","408 KCal","Average ","","11.06 km/h","05:25 min/km","","05:18 min/km","150 bpm","","","57.50 ","https://quantified-self.io/user/fRf6bCiiKcWGtwF8dXYuUwJgnGe2/event/3cPQA91MbTn2CvY9o91S37ZcHdNAUWYb4uteyMJN4xhZweP"
"6/29/2020","2020-06-29T15:20:20.000Z","","Running","5.17 Km","27m 45s","100 m","42 m","363 KCal","Good ","","11.17 km/h","05:22 min/km","","05:02 min/km","154 bpm","","","57.50 ","https://quantified-self.io/user/fRf6bCiiKcWGtwF8dXYuUwJgnGe2/event/3cPQA91MbTn2CvY9o93xBaWhNHbGtLPR5HABQSJzjJAjGsw"
"6/30/2020","2020-06-30T08:03:38.000Z","","Running","6.02 Km","32m 38s","21 m","21 m","400 KCal","Good ","","11.07 km/h","05:25 min/km","","05:22 min/km","149 bpm","","","57.50 ","https://quantified-self.io/user/fRf6bCiiKcWGtwF8dXYuUwJgnGe2/event/3cPQA91MbTn2CvY9o941nrLdHi9dwLjMFZLc8N1ozWgeLNm"
"6/30/2020","2020-06-30T17:15:14.000Z","","Running","8.37 Km","40m 22s","49 m","14 m","590 KCal","Very Good ","","12.44 km/h","04:49 min/km","","04:43 min/km","164 bpm","","","57.80 ","https://quantified-self.io/user/fRf6bCiiKcWGtwF8dXYuUwJgnGe2/event/3cPQA91MbTn2CvY9o941r5xFKXpW1GsC7wtpM4QNgNF9unu"
"7/1/2020","2020-07-01T08:56:24.000Z","","Running","6.18 Km","34m 17s","28 m","21 m","411 KCal","Average ","","10.82 km/h","05:32 min/km","","05:32 min/km","147 bpm","","","57.40 ","https://quantified-self.io/user/fRf6bCiiKcWGtwF8dXYuUwJgnGe2/event/3cPQA91MbTn2CvY9o949ZjUhgFE9RYCqwmpiDuy836k89ZS"
"7/2/2020","2020-07-02T07:34:35.000Z","","Running","15.70 Km","01h 26m 40s","35 m","120 m","1039 KCal","","","10.86 km/h","05:31 min/km","","05:27 min/km","152 bpm","","","57.60 ","https://quantified-self.io/user/fRf6bCiiKcWGtwF8dXYuUwJgnGe2/event/3cPQA91MbTn2CvY9o949ZjUpw1mbrTmQqk7hj8xvTjWgEYu"
"7/3/2020","2020-07-03T08:13:58.000Z","","Running","7.43 Km","39m 41s","21 m","71 m","523 KCal","Very Good ","","11.24 km/h","05:20 min/km","","05:18 min/km","156 bpm","","","57.30 ","https://quantified-self.io/user/fRf6bCiiKcWGtwF8dXYuUwJgnGe2/event/3cPQA91MbTn2CvY9o94DCUjQCcu9U12XHyvHRh7bEWdaK1P"
"7/4/2020","2020-07-04T08:05:39.000Z","","Running","15.16 Km","01h 23m 26s","49 m","56 m","1090 KCal","Very Good ","","10.90 km/h","05:30 min/km","","05:27 min/km","159 bpm","","","56.90 ","https://quantified-self.io/user/fRf6bCiiKcWGtwF8dXYuUwJgnGe2/event/3cPQA91MbTn2CvY9p5pnrnwwQkQJJtcFBB1xFCrkVcnDWzb"
"7/5/2020","2020-07-05T09:46:00.000Z","","Running","7.80 Km","43m 37s","14 m","28 m","635 KCal","Good ","","10.72 km/h","05:35 min/km","","05:33 min/km","163 bpm","","","56.20 ","https://quantified-self.io/user/fRf6bCiiKcWGtwF8dXYuUwJgnGe2/event/3J31ACsxjfMU1ZygZe8a7F6fB22YnHHwYJGYTQe5d6h95Hg"
"7/6/2020","2020-07-06T05:49:32.000Z","","Running","7.50 Km","40m 13s","35 m","100 m","528 KCal","Good ","","11.19 km/h","05:21 min/km","","05:17 min/km","156 bpm","","","56.30 ","https://quantified-self.io/user/fRf6bCiiKcWGtwF8dXYuUwJgnGe2/event/3J31ACsxjfMU1ZygZe8diN6bzmdnezHSRasesx6z4EUwYwX"
"7/7/2020","2020-07-07T07:55:30.000Z","","Running","13.57 Km","01h 12m 47s","35 m","63 m","1097 KCal","Average ","","11.19 km/h","05:21 min/km","","05:18 min/km","169 bpm","","","56.40 ","https://quantified-self.io/user/fRf6bCiiKcWGtwF8dXYuUwJgnGe2/event/3J31ACsxjfMU1ZygZe8kBJjbVySo3VicPjgP3jeuDDTJ8GB"
"7/8/2020","2020-07-08T09:13:36.000Z","","Running","9.23 Km","48m 38s","14 m","7 m","711 KCal","Good ","","11.39 km/h","05:16 min/km","","05:13 min/km","164 bpm","","","56.20 ","https://quantified-self.io/user/fRf6bCiiKcWGtwF8dXYuUwJgnGe2/event/3J31ACsxjfMU1ZygZe8pNXzz9hNJp85ssGAcWPwdnqgNH1k"
"7/9/2020","2020-07-09T09:57:04.000Z","","Running","5.45 Km","30m 16s","0 m","59 m","404 KCal","Average ","","10.80 km/h","05:33 min/km","","05:26 min/km","155 bpm","","","56.40 ","https://quantified-self.io/user/fRf6bCiiKcWGtwF8dXYuUwJgnGe2/event/3J31ACsxjfMU1ZygZe8t1R1QthwQqzmVaAzWYRQGcqQtgAv"
"7/10/2020","2020-07-10T13:51:30.000Z","","Running","15.33 Km","01h 27m 04s","28 m","86 m","1044 KCal","Good ","","10.56 km/h","05:40 min/km","","05:36 min/km","152 bpm","","","56.50 ","https://quantified-self.io/user/fRf6bCiiKcWGtwF8dXYuUwJgnGe2/event/3J31ACsxjfMU1ZygZe8zWmJ61KL34SizKJaBCAMTqtdbSdW"
"7/11/2020","2020-07-11T13:07:49.000Z","","Running","9.22 Km","50m 37s","14 m","21 m","655 KCal","Good ","","10.93 km/h","05:29 min/km","","05:27 min/km","156 bpm","","","56.10 ","https://quantified-self.io/user/fRf6bCiiKcWGtwF8dXYuUwJgnGe2/event/3J31ACsxjfMU1ZygZe94faWnRHrtK1MgLQBCUPJjcFARhXh"
"7/13/2020","2020-07-13T07:41:06.000Z","","Running","9.17 Km","49m 56s","21 m","35 m","625 KCal","Good ","","11.02 km/h","05:26 min/km","","05:24 min/km","153 bpm","","","56.40 ","https://quantified-self.io/user/fRf6bCiiKcWGtwF8dXYuUwJgnGe2/event/3J31ACsxjfMU1ZygZeBdrzya3D6RwHFGFnNLEttLnLfuR4u"
"7/14/2020","2020-07-14T10:18:22.000Z","","Running","14.17 Km","01h 17m 20s","28 m","35 m","936 KCal","Very Good ","","10.99 km/h","05:27 min/km","","05:24 min/km","153 bpm","","","56.70 ","https://quantified-self.io/user/fRf6bCiiKcWGtwF8dXYuUwJgnGe2/event/3J31ACsxjfMU1ZygZeBhSXZgSGHfSH9sKE9UzGEbQ4FQTwv"
"7/15/2020","2020-07-15T14:57:58.000Z","","Running","10.46 Km","55m 41s","71 m","56 m","719 KCal","Very Good ","","11.26 km/h","05:19 min/km","","05:13 min/km","156 bpm","","","56.80 ","https://quantified-self.io/user/fRf6bCiiKcWGtwF8dXYuUwJgnGe2/event/3J31ACsxjfMU1ZygZeBpUaaoyWMYTCCYdUo8Gdq5PD5HNMh"
"7/16/2020","2020-07-16T17:32:23.000Z","","Running","6.52 Km","34m 54s","42 m","28 m","480 KCal","Good ","","11.20 km/h","05:21 min/km","","05:10 min/km","156 bpm","","","56.70 ","https://quantified-self.io/user/fRf6bCiiKcWGtwF8dXYuUwJgnGe2/event/3J31ACsxjfMU1ZygZeQF1crC1gCsxJMXHkKnSnH75ffV1tj"
"7/17/2020","2020-07-17T15:46:25.000Z","","Running","7.76 Km","44m 34s","42 m","21 m","668 KCal","Good ","","10.45 km/h","05:44 min/km","","05:32 min/km","165 bpm","","","57.10 ","https://quantified-self.io/user/fRf6bCiiKcWGtwF8dXYuUwJgnGe2/event/3J31ACsxjfMU1ZygZeQKBrpAaZwPpgnFD6WAt2N1psXjdNd"
"7/18/2020","2020-07-18T10:48:35.000Z","","Running","6.53 Km","31m 31s","14 m","43 m","483 KCal","Very Good ","","12.44 km/h","04:49 min/km","","04:47 min/km","166 bpm","","","57.20 ","https://quantified-self.io/user/fRf6bCiiKcWGtwF8dXYuUwJgnGe2/event/3J31ACsxjfMU1ZygZeQNk4qex28cq512RJn22jgJtX53MTb"
"7/19/2020","2020-07-19T09:24:58.000Z","","Running","26.25 Km","02h 38m 10s","396 m","455 m","2445 KCal","Good ","","9.96 km/h","06:01 min/km","","05:47 min/km","169 bpm","","","55.60 ","https://quantified-self.io/user/fRf6bCiiKcWGtwF8dXYuUwJgnGe2/event/3J31ACsxjfMU1ZygZeQVCCcVW8eZADpTdrPPBqC9P3DDa2g"
"7/21/2020","2020-07-21T07:28:32.000Z","","Running","6.04 Km","35m 26s","0 m","7 m","382 KCal","Excellent ","","10.22 km/h","05:52 min/km","","05:50 min/km","140 bpm","","","55.60 ","https://quantified-self.io/user/fRf6bCiiKcWGtwF8dXYuUwJgnGe2/event/3J31ACsxjfMU1ZygZeQcxvRJQMoGBkbJfHUW9ZFrFF3UUVi"
"7/22/2020","2020-07-22T06:33:22.000Z","","Running","8.27 Km","48m 09s","21 m","49 m","574 KCal","Very Good ","","10.31 km/h","05:49 min/km","","05:48 min/km","147 bpm","","","55.70 ","https://quantified-self.io/user/fRf6bCiiKcWGtwF8dXYuUwJgnGe2/event/3J31ACsxjfMU1ZygZeQjRsEex8fPLGCMrvaX6xirFEhiWEj"
"7/23/2020","2020-07-23T07:55:01.000Z","","Running","11.77 Km","01h 09m 23s","35 m","28 m","838 KCal","Very Good ","","10.17 km/h","05:53 min/km","","05:48 min/km","152 bpm","","","55.60 ","https://quantified-self.io/user/fRf6bCiiKcWGtwF8dXYuUwJgnGe2/event/3J31ACsxjfMU1ZygZeQo3wtfYmRfpfZjuDKr9Uup968Ekre"
"7/24/2020","2020-07-24T14:58:38.000Z","","Running","10.19 Km","57m 22s","14 m","14 m","819 KCal","Very Good ","","10.65 km/h","05:37 min/km","","05:29 min/km","163 bpm","","","56.10 ","https://quantified-self.io/user/fRf6bCiiKcWGtwF8dXYuUwJgnGe2/event/3J31ACsxjfMU1ZygZeTKD5J2CjrE87YSS6oTg6i7Cpx3wSF"
"7/25/2020","2020-07-25T09:06:49.000Z","","Running","11.40 Km","01h 08m 14s","14 m","57 m","800 KCal","Very Good ","","10.03 km/h","05:59 min/km","","05:54 min/km","150 bpm","","","56.10 ","https://quantified-self.io/user/fRf6bCiiKcWGtwF8dXYuUwJgnGe2/event/3J31ACsxjfMU1ZygZeTNmw4gAqXT9ZvcpzsVY2Ax7vaiwrR"
"7/26/2020","2020-07-26T10:02:04.000Z","","Running","10.96 Km","01h 04m 00s","42 m","100 m","798 KCal","Good ","","10.28 km/h","05:50 min/km","","05:45 min/km","154 bpm","","","55.80 ","https://quantified-self.io/user/fRf6bCiiKcWGtwF8dXYuUwJgnGe2/event/3J31ACsxjfMU1ZygZeTSRnkyhqkhXdSLxvthDUUu7LhFwyA"
"7/27/2020","2020-07-27T06:46:16.000Z","","Running","10.00 Km","58m 40s","35 m","42 m","731 KCal","Excellent ","","10.23 km/h","05:51 min/km","","05:47 min/km","153 bpm","","","55.60 ","https://quantified-self.io/user/fRf6bCiiKcWGtwF8dXYuUwJgnGe2/event/3J31ACsxjfMU1ZygZeTW27dENuTLsu6cA6YWgeJ673MbPZz"
"7/27/2020","2020-07-27T18:35:44.000Z","","Running","8.66 Km","46m 37s","7 m","0 m","785 KCal","Poor ","","11.15 km/h","05:22 min/km","","05:17 min/km","163 bpm","","","56.10 ","https://quantified-self.io/user/fRf6bCiiKcWGtwF8dXYuUwJgnGe2/event/3J31ACsxjfMU1ZygZeTZWGbKAuq3Q4u8V69QdZcEgMkqEf3"
"7/28/2020","2020-07-28T14:52:00.000Z","","Running","5.70 Km","29m 56s","21 m","119 m","409 KCal","Very Good ","","11.42 km/h","05:15 min/km","","05:06 min/km","158 bpm","","","56.20 ","https://quantified-self.io/user/fRf6bCiiKcWGtwF8dXYuUwJgnGe2/event/3J31ACsxjfMU1ZygZefyxxcoVEU7Kck9nJC8NQ3haraGNAX"
"7/29/2020","2020-07-29T08:28:48.000Z","","Running","14.16 Km","01h 19m 52s","42 m","42 m","1046 KCal","Very Good ","","10.64 km/h","05:38 min/km","","05:31 min/km","159 bpm","","","56.20 ","https://quantified-self.io/user/fRf6bCiiKcWGtwF8dXYuUwJgnGe2/event/3J31ACsxjfMU1ZygZeg3Xqc3RpGwFakvsCoG7pSgKrBpaKM"
"7/30/2020","2020-07-30T06:27:52.000Z","","Running","6.10 Km","37m 57s","28 m","93 m","473 KCal","Poor ","","9.65 km/h","06:13 min/km","","06:09 min/km","151 bpm","","","56.30 ","https://quantified-self.io/user/fRf6bCiiKcWGtwF8dXYuUwJgnGe2/event/3J31ACsxjfMU1ZygZeg7974XbH6nQcQe6tkq8EFQdT2UEwS"
"7/31/2020","2020-07-31T06:29:22.000Z","","Running","5.97 Km","35m 50s","14 m","49 m","423 KCal","","","9.99 km/h","06:00 min/km","","05:59 min/km","146 bpm","","","56.20 ","https://quantified-self.io/user/fRf6bCiiKcWGtwF8dXYuUwJgnGe2/event/3J31ACsxjfMU1ZygZegBKWhSPo3m81joH1pRGv8nRKfGXeX"
"8/1/2020","2020-08-01T09:00:36.000Z","","Running","9.23 Km","52m 42s","21 m","56 m","678 KCal","Good ","","10.51 km/h","05:42 min/km","","05:41 min/km","155 bpm","","","56.00 ","https://quantified-self.io/user/fRf6bCiiKcWGtwF8dXYuUwJgnGe2/event/3J31ACsxjfMU1ZygZegHp4WqYLg8pcHivsmzYNYZz42feDf"
"8/2/2020","2020-08-02T11:42:41.000Z","","Running","11.79 Km","01h 11m 02s","42 m","21 m","824 KCal","Good ","","9.96 km/h","06:01 min/km","","05:56 min/km","149 bpm","","","55.90 ","https://quantified-self.io/user/fRf6bCiiKcWGtwF8dXYuUwJgnGe2/event/3J31ACsxjfMU1ZygZegN1J1BEpfANbm69FQbkY6HCvcBeVz"
"8/3/2020","2020-08-03T16:35:10.000Z","","Running","8.00 Km","45m 28s","0 m","28 m","660 KCal","Good ","","10.56 km/h","05:41 min/km","","05:30 min/km","153 bpm","","","56.80 ","https://quantified-self.io/user/fRf6bCiiKcWGtwF8dXYuUwJgnGe2/event/3J31ACsxjfMU1ZygZegUXTNUygiZoyR41mjnB97vfNTU5g4"
"8/3/2020","2020-08-03T17:22:44.000Z","","Running","2.01 Km","13m 04s","7 m","0 m","151 KCal","Good ","","9.23 km/h","06:29 min/km","","06:21 min/km","","","","56.80 ","https://quantified-self.io/user/fRf6bCiiKcWGtwF8dXYuUwJgnGe2/event/3J31ACsxjfMU1ZygZegUXTNXN8A8S7WMJz5FUbni2piRc9E"
"8/4/2020","2020-08-04T07:33:43.000Z","","Running","12.64 Km","01h 04m 12s","36 m","0 m","870 KCal","Very Good ","","11.82 km/h","05:04 min/km","","04:59 min/km","159 bpm","","","57.30 ","https://quantified-self.io/user/fRf6bCiiKcWGtwF8dXYuUwJgnGe2/event/3J31ACsxjfMU1ZygZegY34v6TA2s5VJtaMgJ7cecNJ8o8LV"
"8/4/2020","2020-08-04T16:02:21.000Z","","Running","9.09 Km","45m 03s","14 m","28 m","668 KCal","Very Good ","","12.10 km/h","04:57 min/km","","04:56 min/km","165 bpm","","","57.20 ","https://quantified-self.io/user/fRf6bCiiKcWGtwF8dXYuUwJgnGe2/event/3J31ACsxjfMU1ZygZegY8sYutaQAgKGamsrZQ7PwKc1JnkX"
"8/5/2020","2020-08-05T07:44:59.000Z","","Running","5.68 Km","32m 33s","14 m","7 m","388 KCal","Good ","","10.47 km/h","05:43 min/km","","05:42 min/km","147 bpm","","","57.20 ","https://quantified-self.io/user/fRf6bCiiKcWGtwF8dXYuUwJgnGe2/event/3J31ACsxjfMU1ZygZeizkkkuh39gEQ4bnR5DR9p16nUxz4C"
"8/6/2020","2020-08-06T06:48:46.000Z","","Running","13.81 Km","01h 15m 50s","21 m","14 m","970 KCal","Good ","","10.92 km/h","05:29 min/km","","05:22 min/km","154 bpm","","","57.20 ","https://quantified-self.io/user/fRf6bCiiKcWGtwF8dXYuUwJgnGe2/event/3J31ACsxjfMU1ZygZej4woxX36umfkexArKy3M2qLZ1HX56"
"8/7/2020","2020-08-07T07:13:50.000Z","","Running","15.18 Km","01h 22m 29s","35 m","7 m","1125 KCal","","","11.04 km/h","05:26 min/km","","05:20 min/km","161 bpm","","","57.00 ","https://quantified-self.io/user/fRf6bCiiKcWGtwF8dXYuUwJgnGe2/event/3J31ACsxjfMU1ZygZejBQk5VMWCm7wxV2r91kGiyCWWhYyx"
"8/9/2020","2020-08-09T05:55:58.000Z","","Running","9.82 Km","53m 30s","49 m","100 m","667 KCal","Very Good ","","11.01 km/h","05:27 min/km","","05:22 min/km","151 bpm","","","57.00 ","https://quantified-self.io/user/fRf6bCiiKcWGtwF8dXYuUwJgnGe2/event/3J31ACsxjfMU1ZygZejJdU6FxPWGeoShdzjzVPj73Yxxu9i"
"8/12/2020","2020-08-12T11:39:33.000Z","","Running","10.20 Km","50m 57s","21 m","43 m","803 KCal","","","12.01 km/h","04:59 min/km","","04:56 min/km","170 bpm","","","56.60 ","https://quantified-self.io/user/fRf6bCiiKcWGtwF8dXYuUwJgnGe2/event/3J31ACsxjfMU1ZygZewvNfgeg9QsnbhvVAzksCL7V3YVZcv"
"8/12/2020","2020-08-12T17:22:25.000Z","","Running","5.51 Km","31m 47s","35 m","35 m","425 KCal","Good ","","10.39 km/h","05:46 min/km","","05:45 min/km","156 bpm","","","56.20 ","https://quantified-self.io/user/fRf6bCiiKcWGtwF8dXYuUwJgnGe2/event/3J31ACsxjfMU1ZygZewyEUZ2zMU6S6vtfGEH7dHoKfMkcEc"
"8/13/2020","2020-08-13T07:33:05.000Z","","Running","7.94 Km","47m 13s","14 m","7 m","536 KCal","Average ","","10.09 km/h","05:56 min/km","","05:46 min/km","145 bpm","","","56.60 ","https://quantified-self.io/user/fRf6bCiiKcWGtwF8dXYuUwJgnGe2/event/3J31ACsxjfMU1ZygZewyxMYPFsaLKxMrEmw2szpXwC7yF4C"
"8/13/2020","2020-08-13T16:25:18.000Z","","Running","2.72 Km","15m 57s","7 m","28 m","203 KCal","Average ","","10.24 km/h","05:51 min/km","","05:48 min/km","147 bpm","","","56.60 ","https://quantified-self.io/user/fRf6bCiiKcWGtwF8dXYuUwJgnGe2/event/3J31ACsxjfMU1ZygZex2rZmELyMdM4LmPYSHuybPMPLfZ12"
"8/14/2020","2020-08-14T15:37:59.000Z","","Running","9.08 Km","52m 49s","49 m","0 m","606 KCal","","","10.31 km/h","05:49 min/km","","05:42 min/km","147 bpm","","","56.70 ","https://quantified-self.io/user/fRf6bCiiKcWGtwF8dXYuUwJgnGe2/event/3J31ACsxjfMU1ZygZex72yq4cAnkZmGfXZzG9CBXexPBAW1"
"8/15/2020","2020-08-15T09:03:47.000Z","","Running","30.79 Km","03h 32m 12s","613 m","409 m","2498 KCal","Poor ","","8.70 km/h","06:53 min/km","","06:15 min/km","151 bpm","","","55.60 ","https://quantified-self.io/user/fRf6bCiiKcWGtwF8dXYuUwJgnGe2/event/3J31ACsxjfMU1ZygZexAe6oP6KpL6ZLEjpQ49BVKS3XKUVF"
"8/16/2020","2020-08-16T08:39:59.000Z","","Running","15.28 Km","01h 24m 51s","21 m","7 m","1063 KCal","Good ","","10.80 km/h","05:33 min/km","","05:28 min/km","151 bpm","","","55.80 ","https://quantified-self.io/user/fRf6bCiiKcWGtwF8dXYuUwJgnGe2/event/3J31ACsxjfMU1ZygZexH39XHTdP8DDjLVJEp3RbvKZrVxA4"
"8/17/2020","2020-08-17T16:42:39.000Z","","Running","10.12 Km","58m 16s","28 m","78 m","652 KCal","Good ","","10.42 km/h","05:45 min/km","","05:41 min/km","146 bpm","","","56.10 ","https://quantified-self.io/user/fRf6bCiiKcWGtwF8dXYuUwJgnGe2/event/3J31ACsxjfMU1ZygZezkQW2CkeRn3xqMeZD3WG8pSyncC3m"
"8/18/2020","2020-08-18T06:07:12.000Z","","Running","5.20 Km","29m 15s","14 m","7 m","324 KCal","","","10.67 km/h","05:37 min/km","","05:36 min/km","140 bpm","","","56.40 ","https://quantified-self.io/user/fRf6bCiiKcWGtwF8dXYuUwJgnGe2/event/3J31ACsxjfMU1ZygZezoMxarQP4oGjgvDRv8EFpirL72iB4"
"8/19/2020","2020-08-19T17:03:57.000Z","","Running","15.87 Km","01h 31m 12s","42 m","88 m","1280 KCal","Excellent ","","10.44 km/h","05:44 min/km","","05:39 min/km","160 bpm","","","56.80 ","https://quantified-self.io/user/fRf6bCiiKcWGtwF8dXYuUwJgnGe2/event/3J31ACsxjfMU1ZygZezvWM4W6eazhXZn46BWxaThucXxGDA"
"8/20/2020","2020-08-20T07:41:15.000Z","","Running","5.17 Km","29m 47s","14 m","14 m","357 KCal","Very Good ","","10.41 km/h","05:45 min/km","","05:41 min/km","147 bpm","","","56.80 ","https://quantified-self.io/user/fRf6bCiiKcWGtwF8dXYuUwJgnGe2/event/3J31ACsxjfMU1ZygZezz19C4Yw7h7iNHRQSMmenXFjmcoXf"
"8/21/2020","2020-08-21T08:19:00.000Z","","Running","13.83 Km","01h 20m 20s","35 m","14 m","1005 KCal","Good ","","10.33 km/h","05:48 min/km","","05:42 min/km","155 bpm","","","56.50 ","https://quantified-self.io/user/fRf6bCiiKcWGtwF8dXYuUwJgnGe2/event/3J31ACsxjfMU1ZygZf13esov4iWi92xZudjujBAgw7qpiaH"
"8/22/2020","2020-08-22T08:50:47.000Z","","Running","5.52 Km","26m 32s","36 m","0 m","396 KCal","Good ","","12.48 km/h","04:48 min/km","","04:35 min/km","163 bpm","","","57.40 ","https://quantified-self.io/user/fRf6bCiiKcWGtwF8dXYuUwJgnGe2/event/3J31ACsxjfMU1ZygZfDXbshfH6ZrgEWbDL6SCKRozVJu5pG"
"8/23/2020","2020-08-23T08:40:31.000Z","","Running","15.97 Km","01h 19m 58s","21 m","14 m","1119 KCal","Very Good ","","11.98 km/h","05:00 min/km","","04:59 min/km","164 bpm","","","57.70 ","https://quantified-self.io/user/fRf6bCiiKcWGtwF8dXYuUwJgnGe2/event/3J31ACsxjfMU1ZygZfDb9n1GnX3cb8tjYoPfg2SWpxY2sah"
"8/24/2020","2020-08-24T08:04:51.000Z","","Running","5.71 Km","32m 29s","14 m","14 m","371 KCal","","","10.56 km/h","05:41 min/km","","05:38 min/km","144 bpm","","","57.70 ","https://quantified-self.io/user/fRf6bCiiKcWGtwF8dXYuUwJgnGe2/event/3J31ACsxjfMU1ZygZfDen13rhWL41RpH2ckrTTvTWcrXysc"
"8/25/2020","2020-08-25T07:08:24.000Z","","Running","5.50 Km","32m 33s","7 m","14 m","393 KCal","","","10.14 km/h","05:55 min/km","","05:53 min/km","147 bpm","","","57.40 ","https://quantified-self.io/user/fRf6bCiiKcWGtwF8dXYuUwJgnGe2/event/3J31ACsxjfMU1ZygZfDiwUMJ9Vk7nbvTyFdKxohC6KwygW6"
"8/26/2020","2020-08-26T15:14:07.000Z","","Running","10.32 Km","55m 57s","22 m","14 m","667 KCal","Very Good ","","11.06 km/h","05:25 min/km","","05:22 min/km","150 bpm","","","57.50 ","https://quantified-self.io/user/fRf6bCiiKcWGtwF8dXYuUwJgnGe2/event/3J31ACsxjfMU1ZygZfDr3aK3chkoSYbrATy8qDmvLW32KPy"
"8/27/2020","2020-08-27T17:25:59.000Z","","Running","13.22 Km","01h 09m 37s","14 m","50 m","892 KCal","","","11.39 km/h","05:16 min/km","","05:11 min/km","156 bpm","","","57.50 ","https://quantified-self.io/user/fRf6bCiiKcWGtwF8dXYuUwJgnGe2/event/3J31ACsxjfMU1ZygZfDxVftR6sS3eGBGk4sKbNA1bkYqKET"
"8/28/2020","2020-08-28T09:00:32.000Z","","Running","9.09 Km","50m 40s","35 m","80 m","603 KCal","Average ","","10.76 km/h","05:34 min/km","","05:27 min/km","149 bpm","","","57.50 ","https://quantified-self.io/user/fRf6bCiiKcWGtwF8dXYuUwJgnGe2/event/3J31ACsxjfMU1ZygZfDyEWfyBwUMySgcGP9CggWamt4B7G8"
"8/31/2020","2020-08-31T06:46:13.000Z","","Running","83.0 m","35s","0 m","0 m","1 KCal","","","8.50 km/h","07:03 min/km","","06:01 min/km","115 bpm","","","57.50 ","https://quantified-self.io/user/fRf6bCiiKcWGtwF8dXYuUwJgnGe2/event/3J31ACsxjfMU1ZygZfGj1swoymm9iiqFAPmdvnSBEcUrDgu"
"8/31/2020","2020-08-31T06:47:36.000Z","","Running","14.71 Km","01h 29m 00s","298 m","377 m","1123 KCal","Very Good ","","9.92 km/h","06:02 min/km","","05:46 min/km","155 bpm","","","57.80 ","https://quantified-self.io/user/fRf6bCiiKcWGtwF8dXYuUwJgnGe2/event/3J31ACsxjfMU1ZygZfGj1t6K8AyC34LQk2G4xdHwqzi9MTD"
"9/3/2020","2020-09-03T06:25:05.000Z","","Running","11.77 Km","01h 03m 12s","116 m","114 m","764 KCal","Very Good ","","11.17 km/h","05:22 min/km","","05:04 min/km","152 bpm","","","58.00 ","https://quantified-self.io/user/fRf6bCiiKcWGtwF8dXYuUwJgnGe2/event/3J31ACsxjfMU1ZygZfVDfxsnqBC3zoSyBmoo2Gd9xksNM75"
"9/4/2020","2020-09-04T06:24:24.000Z","","Running","13.58 Km","01h 24m 38s","85 m","106 m","960 KCal","Average ","","9.62 km/h","06:14 min/km","","05:55 min/km","146 bpm","","","58.00 ","https://quantified-self.io/user/fRf6bCiiKcWGtwF8dXYuUwJgnGe2/event/3J31ACsxjfMU1ZygZfVHJrccbbhtiFcbBvEpJ358pvdXwZG"
"9/5/2020","2020-09-05T07:34:10.000Z","","Running","10.84 Km","01h 02m 07s","113 m","106 m","876 KCal","Good ","","10.48 km/h","05:43 min/km","","05:30 min/km","162 bpm","","","57.90 ","https://quantified-self.io/user/fRf6bCiiKcWGtwF8dXYuUwJgnGe2/event/3J31ACsxjfMU1ZygZfVPkL7yVNT7x4AHGWuj793qCk44QMd"
"9/6/2020","2020-09-06T08:06:34.000Z","","Running","20.25 Km","01h 44m 20s","134 m","106 m","1518 KCal","Very Good ","","11.64 km/h","05:09 min/km","","05:03 min/km","167 bpm","","","57.80 ","https://quantified-self.io/user/fRf6bCiiKcWGtwF8dXYuUwJgnGe2/event/3J31ACsxjfMU1ZygZfVTxCvKwLs4AB92N5FvEXAeFrd9oGw"
"9/8/2020","2020-09-08T07:16:13.000Z","","Running","11.57 Km","01h 03m 15s","70 m","92 m","961 KCal","Very Good ","","10.98 km/h","05:27 min/km","","05:19 min/km","167 bpm","","","57.60 ","https://quantified-self.io/user/fRf6bCiiKcWGtwF8dXYuUwJgnGe2/event/3J31ACsxjfMU1ZygZfVe1bM7XoBeoNGUJTwjTfq8ENPjCY4"
"9/9/2020","2020-09-09T07:14:27.000Z","","Running","11.01 Km","01h 00m 05s","92 m","78 m","826 KCal","Good ","","10.99 km/h","05:27 min/km","","05:12 min/km","159 bpm","","","57.80 ","https://quantified-self.io/user/fRf6bCiiKcWGtwF8dXYuUwJgnGe2/event/3J31ACsxjfMU1ZygZfVheW9jFdmR7fxsVTPg8drtWZYbgWd"
"9/10/2020","2020-09-10T10:22:14.000Z","","Running","8.53 Km","43m 14s","92 m","21 m","632 KCal","Good ","","11.84 km/h","05:04 min/km","","04:53 min/km","164 bpm","","","57.90 ","https://quantified-self.io/user/fRf6bCiiKcWGtwF8dXYuUwJgnGe2/event/3J31ACsxjfMU1ZygZfYDkYB5D9ZRfGDqhkdRx7ZmZDqeheS"
"9/11/2020","2020-09-11T07:26:12.000Z","","Running","13.82 Km","01h 18m 06s","91 m","128 m","1074 KCal","Good ","","10.62 km/h","05:39 min/km","","05:26 min/km","160 bpm","","","57.70 ","https://quantified-self.io/user/fRf6bCiiKcWGtwF8dXYuUwJgnGe2/event/3J31ACsxjfMU1ZygZfYHQ5xi1mTaoUgSUywt53Qdodw6Hu4"
"9/12/2020","2020-09-12T11:19:01.000Z","","Running","7.63 Km","46m 47s","78 m","120 m","673 KCal","Good ","","9.79 km/h","06:07 min/km","","05:52 min/km","163 bpm","","","57.40 ","https://quantified-self.io/user/fRf6bCiiKcWGtwF8dXYuUwJgnGe2/event/3J31ACsxjfMU1ZygZfYMaekH1Nss7aVHbxhuWcmqSyzhasr"
"9/15/2020","2020-09-15T06:36:14.000Z","","Running","8.40 Km","52m 21s","99 m","92 m","668 KCal","Good ","","9.63 km/h","06:13 min/km","","06:01 min/km","156 bpm","","","56.70 ","https://quantified-self.io/user/fRf6bCiiKcWGtwF8dXYuUwJgnGe2/event/3J31ACsxjfMU1ZygZfkx7ZCihFZ5mvf2eLmd8umEDm19wM4"
"9/16/2020","2020-09-16T05:57:41.000Z","","Running","47.0 m","20s","0 m","0 m","","Excellent ","","8.31 km/h","07:13 min/km","","05:28 min/km","83 bpm","","","56.70 ","https://quantified-self.io/user/fRf6bCiiKcWGtwF8dXYuUwJgnGe2/event/3J31ACsxjfMU1ZygZfm2HyCuiXJuyzzxBWtbVPRQmsHjxAZ"
"9/16/2020","2020-09-16T05:58:44.000Z","","Running","16.24 Km","01h 36m 33s","163 m","156 m","1341 KCal","Good ","","10.09 km/h","05:56 min/km","","05:46 min/km","162 bpm","","","56.80 ","https://quantified-self.io/user/fRf6bCiiKcWGtwF8dXYuUwJgnGe2/event/3J31ACsxjfMU1ZygZfm2HyPSJZbf3nEUBSVK1y3z5CZ7ut5"
"9/17/2020","2020-09-17T06:34:42.000Z","","Running","13.17 Km","01h 18m 32s","177 m","207 m","1030 KCal","Good ","","10.06 km/h","05:57 min/km","","05:39 min/km","156 bpm","","","56.80 ","https://quantified-self.io/user/fRf6bCiiKcWGtwF8dXYuUwJgnGe2/event/3J31ACsxjfMU1ZygZfm8k6yNBB1sBQMbuxPTWC2Dv6tcSRw"
"9/19/2020","2020-09-19T07:49:50.000Z","","Running","315.0 m","01m 51s","0 m","0 m","30 KCal","","","10.17 km/h","05:53 min/km","","05:21 min/km","161 bpm","","","56.80 ","https://quantified-self.io/user/fRf6bCiiKcWGtwF8dXYuUwJgnGe2/event/3J31ACsxjfMU1ZygZfmGaMpR4g3kU5CEry6h4tXY8XfysYw"
"9/19/2020","2020-09-19T07:54:50.000Z","","Running","9.78 Km","01h 01m 35s","120 m","99 m","826 KCal","","","9.53 km/h","06:17 min/km","","06:04 min/km","162 bpm","","","55.70 ","https://quantified-self.io/user/fRf6bCiiKcWGtwF8dXYuUwJgnGe2/event/3J31ACsxjfMU1ZygZfmGaMpVuugSKbGmgM5SvjSo9tzUDuK"
"9/20/2020","2020-09-20T07:30:19.000Z","","Running","15.94 Km","01h 30m 42s","163 m","155 m","1248 KCal","Very Good ","","10.54 km/h","05:41 min/km","","05:28 min/km","163 bpm","","","56.00 ","https://quantified-self.io/user/fRf6bCiiKcWGtwF8dXYuUwJgnGe2/event/3J31ACsxjfMU1ZygZfmNzsLkktKuRfFEm7qZiSwCZVkV8vc"
"9/21/2020","2020-09-21T15:14:52.000Z","","Running","6.59 Km","38m 47s","518 m","166 m","484 KCal","Good ","","10.20 km/h","05:53 min/km","","04:40 min/km","148 bpm","","","56.10 ","https://quantified-self.io/user/fRf6bCiiKcWGtwF8dXYuUwJgnGe2/event/3c49f403335fbdab709c32aa8c3906b5f80f3cd178bf7239a9569d2fe271e808"
"9/22/2020","2020-09-22T07:19:30.000Z","","Running","9.19 Km","59m 41s","114 m","85 m","690 KCal","Average ","","9.24 km/h","06:29 min/km","","06:09 min/km","147 bpm","","","56.10 ","https://quantified-self.io/user/fRf6bCiiKcWGtwF8dXYuUwJgnGe2/event/8f8940de4be558f99413eb198258a3df9bf65682685e43c33435b9607924c6e7"
"9/23/2020","2020-09-23T05:42:16.000Z","","Running","11.82 Km","01h 03m 15s","174 m","71 m","933 KCal","Good ","","11.21 km/h","05:21 min/km","","05:03 min/km","166 bpm","","","56.60 ","https://quantified-self.io/user/fRf6bCiiKcWGtwF8dXYuUwJgnGe2/event/cf95ce224daa64042cceeae39fe26ed0e2c3b41ad89b253d6e720dfc020aaa25"
"9/24/2020","2020-09-24T07:02:52.000Z","","Running","12.05 Km","01h 08m 36s","142 m","120 m","936 KCal","Very Good ","","10.53 km/h","05:41 min/km","","05:30 min/km","160 bpm","","","56.90 ","https://quantified-self.io/user/fRf6bCiiKcWGtwF8dXYuUwJgnGe2/event/41601fc8d8da4953b26ab77ff35cc26a3c612db3637d5a357253b7e861eaef32"
"9/25/2020","2020-09-25T07:33:19.000Z","","Running","8.64 Km","53m 53s","113 m","78 m","675 KCal","Very Good ","","9.62 km/h","06:14 min/km","","05:59 min/km","150 bpm","","","56.90 ","https://quantified-self.io/user/fRf6bCiiKcWGtwF8dXYuUwJgnGe2/event/380d8ad94860f37d81f73b17bf0dc15244e8509477393ebb75d4853c706a982a"
"9/27/2020","2020-09-27T07:53:24.000Z","","Running","11.18 Km","59m 36s","84 m","120 m","882 KCal","","","11.25 km/h","05:19 min/km","","05:14 min/km","166 bpm","","","57.10 ","https://quantified-self.io/user/fRf6bCiiKcWGtwF8dXYuUwJgnGe2/event/70017c245cf97b19406c8f972efd82a37e8ab3aef9646ef085b8256cf8dfd661"
"9/28/2020","2020-09-28T06:49:53.000Z","","Running","6.67 Km","35m 01s","43 m","43 m","499 KCal","","","11.43 km/h","05:14 min/km","","05:07 min/km","161 bpm","","","57.30 ","https://quantified-self.io/user/fRf6bCiiKcWGtwF8dXYuUwJgnGe2/event/4b6e403b9fdc1c40bf1042c6da1c0cd49078b1e01af5690ba748cec9f3119e5b"
"9/29/2020","2020-09-29T10:35:37.000Z","","Running","9.10 Km","46m 33s","71 m","134 m","753 KCal","Very Good ","","11.73 km/h","05:06 min/km","","04:59 min/km","171 bpm","","","57.70 ","https://quantified-self.io/user/fRf6bCiiKcWGtwF8dXYuUwJgnGe2/event/0ca88de794b7421d600ad4f413432cf777f502421b675d7ce483c9039521961a"
"9/30/2020","2020-09-30T07:30:29.000Z","","Running","6.41 Km","35m 06s","56 m","64 m","482 KCal","","","10.96 km/h","05:28 min/km","","05:19 min/km","156 bpm","","","57.60 ","https://quantified-self.io/user/fRf6bCiiKcWGtwF8dXYuUwJgnGe2/event/7d402a10d04e6a383dd2628d0a4586e6e4bcddc210917fca59b5f90b15c245e0"
"10/2/2020","2020-10-02T09:43:00.000Z","","Running","9.02 Km","49m 40s","205 m","120 m","767 KCal","Very Good ","","10.89 km/h","05:30 min/km","","05:04 min/km","169 bpm","","","57.60 ","https://quantified-self.io/user/fRf6bCiiKcWGtwF8dXYuUwJgnGe2/event/89d8fb18e3b4ee8ea012ea0db2dd3d9670e2e2174cf0122ee87af3acb65b3693"
"10/4/2020","2020-10-04T09:19:22.000Z","","Running","42.52 Km","03h 58m 37s","127 m","78 m","3483 KCal","Very Good ","","10.69 km/h","05:36 min/km","","05:31 min/km","169 bpm","","","57.10 ","https://quantified-self.io/user/fRf6bCiiKcWGtwF8dXYuUwJgnGe2/event/10203b8057604029254de53c57512ca41a6f40317c4a77cd20c210185f86e3b2"
"10/6/2020","2020-10-06T07:43:53.000Z","","Running","6.71 Km","39m 25s","107 m","49 m","463 KCal","Very Good ","","10.22 km/h","05:52 min/km","","05:43 min/km","147 bpm","","","57.00 ","https://quantified-self.io/user/fRf6bCiiKcWGtwF8dXYuUwJgnGe2/event/8e01e1fd2832304241bb8d1761503e7c56325bfea1e323c2a6ec49210284f9da"
"10/7/2020","2020-10-07T07:12:24.000Z","","Running","8.86 Km","52m 07s","99 m","85 m","653 KCal","Very Good ","","10.20 km/h","05:52 min/km","","05:42 min/km","155 bpm","","","56.70 ","https://quantified-self.io/user/fRf6bCiiKcWGtwF8dXYuUwJgnGe2/event/f05c1b20e9d37bbc5a5cd27852e1059eb51747a813b6e767d9a1297af37fe042"
"10/8/2020","2020-10-08T06:51:12.000Z","","Running","8.76 Km","52m 17s","78 m","78 m","636 KCal","Very Good ","","10.05 km/h","05:58 min/km","","05:47 min/km","150 bpm","","","56.90 ","https://quantified-self.io/user/fRf6bCiiKcWGtwF8dXYuUwJgnGe2/event/5dfae009e4105395663a5c2ca0d4ee8137e31b2fea7e4a77ed712da68f0b70f0"
"10/9/2020","2020-10-09T07:33:27.000Z","","Running","5.82 Km","33m 05s","64 m","50 m","425 KCal","","","10.55 km/h","05:41 min/km","","05:31 min/km","153 bpm","","","56.80 ","https://quantified-self.io/user/fRf6bCiiKcWGtwF8dXYuUwJgnGe2/event/f3d1c618b24e04816f9be1009476dceb57f4f22f4e4e37e2328bcae1aea11f53"
"10/10/2020","2020-10-10T08:06:44.000Z","","Running","13.24 Km","01h 11m 28s","56 m","36 m","1020 KCal","Excellent ","","11.11 km/h","05:23 min/km","","05:18 min/km","164 bpm","","","56.80 ","https://quantified-self.io/user/fRf6bCiiKcWGtwF8dXYuUwJgnGe2/event/7a74464bdfa37c626357aec7f1c3ac43d7da453dd3749c89829ee5c20016292f"
"10/11/2020","2020-10-11T07:49:56.000Z","","Running","8.61 Km","43m 05s","35 m","100 m","687 KCal","Very Good ","","11.98 km/h","05:00 min/km","","04:54 min/km","170 bpm","","","57.30 ","https://quantified-self.io/user/fRf6bCiiKcWGtwF8dXYuUwJgnGe2/event/4519fe1e06d57e735373202ec29f4eb472c7ab171d19fbf9bd6e004b647b511f"
"10/12/2020","2020-10-12T15:54:53.000Z","","Running","8.18 Km","41m 49s","71 m","35 m","609 KCal","Very Good ","","11.73 km/h","05:06 min/km","","04:55 min/km","162 bpm","","","57.60 ","https://quantified-self.io/user/fRf6bCiiKcWGtwF8dXYuUwJgnGe2/event/fd9e80ceccacc0025db1eb36f3fac4750194fb9f21f04ef3794fc300a3992856"
"10/13/2020","2020-10-13T07:30:55.000Z","","Running","5.86 Km","34m 30s","57 m","49 m","441 KCal","","","10.18 km/h","05:53 min/km","","05:42 min/km","151 bpm","","","57.60 ","https://quantified-self.io/user/fRf6bCiiKcWGtwF8dXYuUwJgnGe2/event/5a2cf22d3d57d9500f0f3bde383e8898a58a60dba03eccd183cfd468ddcd0741"
"10/14/2020","2020-10-14T05:30:12.000Z","","Running","6.56 Km","37m 00s","64 m","28 m","490 KCal","","","10.63 km/h","05:38 min/km","","05:26 min/km","154 bpm","","","57.50 ","https://quantified-self.io/user/fRf6bCiiKcWGtwF8dXYuUwJgnGe2/event/4256505c5ba2b3814f4f3bc2d8ae6d76a05f8097c6e32c6b669bdb9d70c502e9"
"10/15/2020","2020-10-15T13:12:34.000Z","","Running","9.81 Km","53m 41s","100 m","71 m","735 KCal","Very Good ","","10.97 km/h","05:28 min/km","","05:16 min/km","159 bpm","","","57.90 ","https://quantified-self.io/user/fRf6bCiiKcWGtwF8dXYuUwJgnGe2/event/c327a1baa21eeb04713a6db40f3abb3a59d7dc878083251e368493316590b342"
"10/16/2020","2020-10-16T07:00:39.000Z","","Running","5.54 Km","28m 39s","64 m","93 m","417 KCal","","","11.59 km/h","05:10 min/km","","04:58 min/km","159 bpm","","","58.40 ","https://quantified-self.io/user/fRf6bCiiKcWGtwF8dXYuUwJgnGe2/event/afbd38fe0b7eba55931b28b8c766a1527aa4e8155c0546c28f195c762680b81b"
"10/17/2020","2020-10-17T08:35:56.000Z","","Running","5.58 Km","31m 29s","106 m","93 m","413 KCal","Very Good ","","10.64 km/h","05:38 min/km","","05:20 min/km","153 bpm","","","58.40 ","https://quantified-self.io/user/fRf6bCiiKcWGtwF8dXYuUwJgnGe2/event/3c5328b9002889c4b51e3f4681a2584d9c9d3f2309904c1676cd0dd2a3538901"
"10/18/2020","2020-10-18T08:00:37.000Z","","Running","21.23 Km","01h 34m 40s","28 m","35 m","1461 KCal","Poor ","","13.46 km/h","04:27 min/km","","04:24 min/km","173 bpm","","","58.60 ","https://quantified-self.io/user/fRf6bCiiKcWGtwF8dXYuUwJgnGe2/event/ff1710cf1f36e988e3cae143d82b81bee18fbc1f07dc320fddbafa0e7d6277b6"
"10/20/2020","2020-10-20T07:43:35.000Z","","Running","5.65 Km","35m 13s","43 m","93 m","387 KCal","Good ","","9.62 km/h","06:14 min/km","","06:02 min/km","140 bpm","","","58.60 ","https://quantified-self.io/user/fRf6bCiiKcWGtwF8dXYuUwJgnGe2/event/40df3dc5cc8f95a70927d043de86046900f9f85d15c0a5c1904d8e8694fb1e89"
"10/20/2020","2020-10-20T15:21:40.000Z","","Running","7.51 Km","37m 31s","51 m","71 m","473 KCal","Very Good ","","12.01 km/h","04:59 min/km","","04:49 min/km","152 bpm","","","59.70 ","https://quantified-self.io/user/fRf6bCiiKcWGtwF8dXYuUwJgnGe2/event/a6bc729482afbea6bed68d1eb7eb9f7dbf9c512fc0188b96e6ddf99a47932429"
"10/21/2020","2020-10-21T07:49:16.000Z","","Running","11.60 Km","01h 05m 25s","121 m","99 m","767 KCal","Very Good ","","10.64 km/h","05:38 min/km","","05:26 min/km","149 bpm","","","59.60 ","https://quantified-self.io/user/fRf6bCiiKcWGtwF8dXYuUwJgnGe2/event/2a3d913beb61f4cc9c6e18321676ef8b70871b4b8dd9d754892da7be2f1736be"
"10/22/2020","2020-10-22T17:45:55.000Z","","Running","15.83 Km","01h 11m 49s","262 m","230 m","1138 KCal","Very Good ","","13.22 km/h","04:32 min/km","","04:15 min/km","172 bpm","","","59.60 ","https://quantified-self.io/user/fRf6bCiiKcWGtwF8dXYuUwJgnGe2/event/574958961c096eccef051c0aa5c10b9824bdb554f644489f58e75fbceb130232"
"10/25/2020","2020-10-25T08:31:36.000Z","","Running","6.34 Km","33m 15s","14 m","7 m","510 KCal","Good ","","11.44 km/h","05:14 min/km","","05:09 min/km","163 bpm","","","58.90 ","https://quantified-self.io/user/fRf6bCiiKcWGtwF8dXYuUwJgnGe2/event/4a5bb7dc5035040e9a4ea23ba2d4ee71211356a5481049b9236006a6e7a290da"
"10/27/2020","2020-10-27T06:44:14.000Z","","Running","10.15 Km","56m 24s","127 m","177 m","875 KCal","Good ","","10.80 km/h","05:33 min/km","","05:20 min/km","170 bpm","","","58.60 ","https://quantified-self.io/user/fRf6bCiiKcWGtwF8dXYuUwJgnGe2/event/3eaaa71d0991a5be942d487511ce9b000b92fb99242cc7cc2b2886f7f6c44c6f"
"10/28/2020","2020-10-28T08:05:34.000Z","","Running","11.35 Km","01h 02m 15s","114 m","114 m","900 KCal","Good ","","10.93 km/h","05:29 min/km","","05:16 min/km","165 bpm","","","58.80 ","https://quantified-self.io/user/fRf6bCiiKcWGtwF8dXYuUwJgnGe2/event/7bcdd230f62be006a4785a60d44d9a945596a283c6f1984c4cdc00353879e8f3"
"10/29/2020","2020-10-29T08:25:45.000Z","","Running","11.51 Km","01h 02m 49s","122 m","127 m","921 KCal","","","10.99 km/h","05:27 min/km","","05:14 min/km","165 bpm","","","58.60 ","https://quantified-self.io/user/fRf6bCiiKcWGtwF8dXYuUwJgnGe2/event/29308e439962f128e28a53846acb2c0ab664a44516c08bd1509752c478ba86a9"
"10/30/2020","2020-10-30T13:10:15.000Z","","Running","9.23 Km","51m 42s","114 m","70 m","732 KCal","Very Good ","","10.71 km/h","05:36 min/km","","05:19 min/km","162 bpm","","","58.60 ","https://quantified-self.io/user/fRf6bCiiKcWGtwF8dXYuUwJgnGe2/event/7292e521efc8fd74d31f562617b452adb15cb4724bd6dff8b64dec5b5a21a7f4"
"10/31/2020","2020-10-31T08:09:46.000Z","","Running","7.17 Km","41m 29s","101 m","210 m","545 KCal","Good ","","10.38 km/h","05:46 min/km","","05:29 min/km","155 bpm","","","58.60 ","https://quantified-self.io/user/fRf6bCiiKcWGtwF8dXYuUwJgnGe2/event/9ffecac0dde52ea8814661a7032ef7c304b900a557079022435a82259ae3f536"
"10/31/2020","2020-10-31T13:07:37.000Z","","Running","6.29 Km","33m 24s","57 m","50 m","479 KCal","Average ","","11.30 km/h","05:18 min/km","","05:11 min/km","162 bpm","","","58.00 ","https://quantified-self.io/user/fRf6bCiiKcWGtwF8dXYuUwJgnGe2/event/8e42c8d1878c46dc2276bc8095429f912ccbe011fa4a0626f32a979283033df7"
"11/1/2020","2020-11-01T11:36:55.000Z","","Running","9.81 Km","52m 36s","114 m","70 m","699 KCal","Good ","","11.19 km/h","05:21 min/km","","05:07 min/km","157 bpm","","","58.40 ","https://quantified-self.io/user/fRf6bCiiKcWGtwF8dXYuUwJgnGe2/event/9b593838761ca23540ab6bc4f4a0cd53826e426074ca5a25bdb6cfab439673e7"
"11/3/2020","2020-11-03T07:45:36.000Z","","Running","11.50 Km","01h 02m 13s","121 m","128 m","789 KCal","Good ","","11.09 km/h","05:24 min/km","","05:11 min/km","155 bpm","","","58.50 ","https://quantified-self.io/user/fRf6bCiiKcWGtwF8dXYuUwJgnGe2/event/940eea0f43147c3bb62cda57e158c5cbcc606eb5278bb720a8a85e9f2fa02177"
"11/4/2020","2020-11-04T08:23:06.000Z","","Running","5.56 Km","31m 02s","87 m","114 m","361 KCal","Average ","","10.75 km/h","05:35 min/km","","05:21 min/km","142 bpm","","","58.80 ","https://quantified-self.io/user/fRf6bCiiKcWGtwF8dXYuUwJgnGe2/event/1d561e41b534cccf863aa335f4fe77261a5187dd46d5cb05efd012a4991db217"
"11/4/2020","2020-11-04T14:04:27.000Z","","Running","7.64 Km","37m 35s","42 m","14 m","558 KCal","Good ","","12.20 km/h","04:55 min/km","","04:43 min/km","165 bpm","","","58.80 ","https://quantified-self.io/user/fRf6bCiiKcWGtwF8dXYuUwJgnGe2/event/ffd38f60c3c1ccf65e6c0a7de925565941bc0e60b3b0b265155daeb594a717d4"
"11/5/2020","2020-11-05T08:52:27.000Z","","Running","7.00 Km","40m 28s","56 m","35 m","526 KCal","Poor ","","10.38 km/h","05:46 min/km","","05:33 min/km","153 bpm","","","59.20 ","https://quantified-self.io/user/fRf6bCiiKcWGtwF8dXYuUwJgnGe2/event/b4688ed63705b2a8f82a8a151098584ef1d68a81928de7c6062b881f41ebfdb5"
"11/6/2020","2020-11-06T12:13:03.000Z","","Running","12.02 Km","01h 04m 30s","135 m","92 m","899 KCal","Very Good ","","11.17 km/h","05:22 min/km","","05:07 min/km","163 bpm","","","59.20 ","https://quantified-self.io/user/fRf6bCiiKcWGtwF8dXYuUwJgnGe2/event/9b89ebac7e5bdc4e859433b69483c0b0749dd3a874d8d2a4f7db9104c13a1070"
"11/7/2020","2020-11-07T09:25:30.000Z","","Running","14.05 Km","01h 14m 48s","113 m","170 m","960 KCal","Very Good ","","11.27 km/h","05:19 min/km","","05:12 min/km","159 bpm","","","59.20 ","https://quantified-self.io/user/fRf6bCiiKcWGtwF8dXYuUwJgnGe2/event/7ddfbc2c3b9ae2fac256ed03e9a59b51580149a8fe2448696070f4ca978620d3"
"11/8/2020","2020-11-08T07:43:48.000Z","","Running","8.41 Km","39m 58s","128 m","92 m","583 KCal","Very Good ","","12.63 km/h","04:44 min/km","","04:31 min/km","164 bpm","","","59.70 ","https://quantified-self.io/user/fRf6bCiiKcWGtwF8dXYuUwJgnGe2/event/34a05690b5ffbfcc6c100b89f4665f957ee5e7ff19f1c22dc7b7775c15b05c2b"
"11/9/2020","2020-11-09T08:39:24.000Z","","Running","799.0 m","05m 14s","42 m","0 m","85 KCal","Excellent ","","9.13 km/h","06:34 min/km","","05:58 min/km","171 bpm","","","59.70 ","https://quantified-self.io/user/fRf6bCiiKcWGtwF8dXYuUwJgnGe2/event/f0f0dabf0f94e3e1a6a5a8e8a54ea414176e78e78b49858e00d2a5ce124e135f"
"11/9/2020","2020-11-09T08:45:23.000Z","","Running","8.34 Km","47m 41s","86 m","78 m","528 KCal","Very Good ","","10.49 km/h","05:43 min/km","","05:30 min/km","143 bpm","","","59.80 ","https://quantified-self.io/user/fRf6bCiiKcWGtwF8dXYuUwJgnGe2/event/385cd2f08a38d16fd1853890d439e22bd73ac6f3b9b56111abc60d5ec9fdf28f"
"11/10/2020","2020-11-10T09:25:55.000Z","","Running","11.78 Km","01h 02m 14s","120 m","141 m","816 KCal","Very Good ","","11.35 km/h","05:17 min/km","","05:09 min/km","158 bpm","","","59.90 ","https://quantified-self.io/user/fRf6bCiiKcWGtwF8dXYuUwJgnGe2/event/18609bb7790a7a6b76d314a058ca16215b9f282a4a0aea155afe20448d993479"
"11/11/2020","2020-11-11T08:47:41.000Z","","Running","7.77 Km","41m 50s","79 m","71 m","536 KCal","Good ","","11.14 km/h","05:23 min/km","","05:11 min/km","154 bpm","","","59.90 ","https://quantified-self.io/user/fRf6bCiiKcWGtwF8dXYuUwJgnGe2/event/73696c99b2545e0a6a4c5f1ad2ea2e1024f26d16e8322acc700b0d30268a25eb"
"11/12/2020","2020-11-12T08:28:43.000Z","","Running","7.82 Km","42m 10s","151 m","78 m","574 KCal","Good ","","11.12 km/h","05:23 min/km","","05:05 min/km","159 bpm","","","59.80 ","https://quantified-self.io/user/fRf6bCiiKcWGtwF8dXYuUwJgnGe2/event/05c747b03551a68131600bfda248d33ee0a22dcd3cf8efee5cf0d4f20454b261"
"11/13/2020","2020-11-13T12:48:37.000Z","","Running","8.25 Km","41m 30s","50 m","85 m","574 KCal","Good ","","11.93 km/h","05:01 min/km","","04:55 min/km","159 bpm","","","60.20 ","https://quantified-self.io/user/fRf6bCiiKcWGtwF8dXYuUwJgnGe2/event/4e2f796008f52562d89de38dd5d7f3590dedfd601eb3d56658c892ab9c42c636"
"11/14/2020","2020-11-14T08:34:14.000Z","","Running","30.76 Km","02h 43m 34s","307 m","431 m","2300 KCal","Very Good ","","11.28 km/h","05:19 min/km","","05:09 min/km","163 bpm","","","59.80 ","https://quantified-self.io/user/fRf6bCiiKcWGtwF8dXYuUwJgnGe2/event/45c576543185a03c790faba003f716f35e8a03c9ab56e64fc80a889784752be9"
"11/16/2020","2020-11-16T09:19:15.000Z","","Running","10.00 Km","56m 43s","92 m","106 m","698 KCal","Very Good ","","10.58 km/h","05:40 min/km","","05:27 min/km","151 bpm","","","59.50 ","https://quantified-self.io/user/fRf6bCiiKcWGtwF8dXYuUwJgnGe2/event/d3fda7aa9a7b6f81800581f6b2bcc5b04f7a72e64b4cc16c2d340e4b81b802b9"
"11/17/2020","2020-11-17T08:43:47.000Z","","Running","11.24 Km","01h 00m 34s","163 m","99 m","810 KCal","Very Good ","","11.13 km/h","05:23 min/km","","05:09 min/km","159 bpm","","","59.30 ","https://quantified-self.io/user/fRf6bCiiKcWGtwF8dXYuUwJgnGe2/event/5bc6fd0da151d4178a8f96b7c308e6f7327d1800a0eebca66bb759d89a87ab8d"
"11/18/2020","2020-11-18T09:22:38.000Z","","Running","6.83 Km","39m 02s","85 m","56 m","431 KCal","","","10.50 km/h","05:42 min/km","","05:31 min/km","141 bpm","","","59.20 ","https://quantified-self.io/user/fRf6bCiiKcWGtwF8dXYuUwJgnGe2/event/0b92d4ddb0de6b2b79434073555154635887e4517dd5fb3b9f03f832b6e69f2b"
"11/19/2020","2020-11-19T08:46:41.000Z","","Running","11.55 Km","01h 04m 56s","99 m","134 m","851 KCal","Good ","","10.67 km/h","05:37 min/km","","05:27 min/km","157 bpm","","","59.00 ","https://quantified-self.io/user/fRf6bCiiKcWGtwF8dXYuUwJgnGe2/event/30b4461234cba7c7588f493758bfd981a862696e508733e75f4b5ef62ad9e8f2"
"11/20/2020","2020-11-20T10:36:44.000Z","","Running","5.61 Km","31m 23s","50 m","14 m","400 KCal","Average ","","10.72 km/h","05:35 min/km","","05:23 min/km","152 bpm","","","58.80 ","https://quantified-self.io/user/fRf6bCiiKcWGtwF8dXYuUwJgnGe2/event/de4555599e75628900a8fd6ce87ebd0fdcccc749786d05761c97bbd5d5b38f50"
"11/21/2020","2020-11-21T09:43:19.000Z","","Running","639.0 m","04m 00s","8 m","21 m","52 KCal","","","9.58 km/h","06:15 min/km","","06:04 min/km","146 bpm","","","58.80 ","https://quantified-self.io/user/fRf6bCiiKcWGtwF8dXYuUwJgnGe2/event/e25170328713f1e65e10301adf386478abed660ca5aba391dca859754e897974"
"11/21/2020","2020-11-21T09:48:21.000Z","","Running","12.42 Km","01h 08m 23s","121 m","99 m","836 KCal","Good ","","10.89 km/h","05:30 min/km","","05:23 min/km","154 bpm","","","58.80 ","https://quantified-self.io/user/fRf6bCiiKcWGtwF8dXYuUwJgnGe2/event/18d71e4480688252fc1ca5a71b55a71cfe8422746602c919cd480c1c9496a0cb"
"11/22/2020","2020-11-22T10:49:04.000Z","","Running","10.16 Km","01h 00m 04s","122 m","77 m","684 KCal","Good ","","10.14 km/h","05:54 min/km","","05:40 min/km","147 bpm","","","58.60 ","https://quantified-self.io/user/fRf6bCiiKcWGtwF8dXYuUwJgnGe2/event/cd53284fd587844aaa2e8796a18fe9b4d414313468309d7af4ee3e73c6d6947c"
"11/23/2020","2020-11-23T07:54:32.000Z","","Running","7.87 Km","45m 57s","78 m","92 m","513 KCal","","","10.28 km/h","05:50 min/km","","05:40 min/km","145 bpm","","","58.60 ","https://quantified-self.io/user/fRf6bCiiKcWGtwF8dXYuUwJgnGe2/event/ceff13a1347d4a5409ffc671f610b0738ac4b70ce3388a3c9a06f7c7f0eff488"
"11/24/2020","2020-11-24T08:49:56.000Z","","Running","11.56 Km","01h 02m 39s","113 m","106 m","790 KCal","","","11.07 km/h","05:25 min/km","","05:12 min/km","156 bpm","","","58.90 ","https://quantified-self.io/user/fRf6bCiiKcWGtwF8dXYuUwJgnGe2/event/e133b4dc26ef5f523b605ca3290e05ff3dd2574a60449f23a590a23937baadf7"
"11/25/2020","2020-11-25T08:11:41.000Z","","Running","5.50 Km","32m 37s","138 m","155 m","379 KCal","Good ","","10.11 km/h","05:56 min/km","","05:22 min/km","145 bpm","","","59.40 ","https://quantified-self.io/user/fRf6bCiiKcWGtwF8dXYuUwJgnGe2/event/ed6ef32d6c72e9cb4ddc27595986f46b32e03e721b003381587ebda2925fe015"
"11/25/2020","2020-11-25T14:50:42.000Z","","Running","9.37 Km","45m 35s","101 m","49 m","599 KCal","Very Good ","","12.33 km/h","04:51 min/km","","04:35 min/km","157 bpm","","","60.30 ","https://quantified-self.io/user/fRf6bCiiKcWGtwF8dXYuUwJgnGe2/event/054a10d0cd4fef3a98188732aeb20556a217ad8541dbb850da65508c934aade0"
"11/26/2020","2020-11-26T07:43:50.000Z","","Running","11.64 Km","01h 04m 19s","114 m","105 m","732 KCal","Good ","","10.86 km/h","05:31 min/km","","05:21 min/km","148 bpm","","","59.70 ","https://quantified-self.io/user/fRf6bCiiKcWGtwF8dXYuUwJgnGe2/event/adc7f489b157093bc5d4b511f749d2ad3e8a040ade3df0188ea147defb945a70"
"11/26/2020","2020-11-26T16:33:18.000Z","","Running","6.43 Km","32m 53s","92 m","35 m","426 KCal","Very Good ","","11.73 km/h","05:06 min/km","","04:49 min/km","154 bpm","","","59.90 ","https://quantified-self.io/user/fRf6bCiiKcWGtwF8dXYuUwJgnGe2/event/13af04c2e7bcb7e267386c243ad6da382df3a816d4e9027605e85b54dfd355f6"
"11/27/2020","2020-11-27T13:42:47.000Z","","Running","8.87 Km","51m 22s","85 m","99 m","630 KCal","Average ","","10.36 km/h","05:47 min/km","","05:39 min/km","152 bpm","","","59.50 ","https://quantified-self.io/user/fRf6bCiiKcWGtwF8dXYuUwJgnGe2/event/f95c4c99cc8c5c32c32050eed0bcb6b2231d4e0ec3243265d7e04fc3d154b394"
"11/28/2020","2020-11-28T11:21:13.000Z","","Running","11.15 Km","51m 46s","136 m","273 m","786 KCal","Very Good ","","12.92 km/h","04:38 min/km","","04:26 min/km","167 bpm","","","60.00 ","https://quantified-self.io/user/fRf6bCiiKcWGtwF8dXYuUwJgnGe2/event/bb5c0c57a92a4d2a2b1a0829a5db31a75fa465ddc0794cc36b68246b03a068a5"
"11/29/2020","2020-11-29T09:12:51.000Z","","Running","8.98 Km","46m 39s","80 m","113 m","574 KCal","Very Good ","","11.55 km/h","05:11 min/km","","04:59 min/km","150 bpm","","","60.20 ","https://quantified-self.io/user/fRf6bCiiKcWGtwF8dXYuUwJgnGe2/event/cbafdfebe8482a6cb50e380ddaf7b19c6e511ca607a79bc1565f5fef5b78c49b"
"12/1/2020","2020-12-01T07:48:53.000Z","","Running","9.01 Km","46m 14s","78 m","71 m","628 KCal","Average ","","11.69 km/h","05:07 min/km","","04:57 min/km","155 bpm","","","59.80 ","https://quantified-self.io/user/fRf6bCiiKcWGtwF8dXYuUwJgnGe2/event/b265bb9ac2bd59c332158c660305f56761ee288e62f393fb4445b1dc98f2fd56"
"12/2/2020","2020-12-02T07:55:33.000Z","","Running","11.48 Km","57m 22s","120 m","106 m","814 KCal","","","12.01 km/h","04:59 min/km","","04:46 min/km","163 bpm","","","59.70 ","https://quantified-self.io/user/fRf6bCiiKcWGtwF8dXYuUwJgnGe2/event/362342f5fb781b4e9c9e60b6679cfc4062b209df217b0901b1213b1e8a7e671e"
"12/3/2020","2020-12-03T09:51:55.000Z","","Running","9.78 Km","46m 07s","85 m","50 m","747 KCal","Good ","","12.72 km/h","04:42 min/km","","04:32 min/km","172 bpm","","","59.60 ","https://quantified-self.io/user/fRf6bCiiKcWGtwF8dXYuUwJgnGe2/event/d7d325fdeed0316345272fa56657d78d6a09b95deef02712907afb106813e6a8"
"12/4/2020","2020-12-04T08:48:12.000Z","","Running","11.77 Km","01h 02m 05s","100 m","113 m","778 KCal","Good ","","11.37 km/h","05:16 min/km","","05:09 min/km","156 bpm","","","59.30 ","https://quantified-self.io/user/fRf6bCiiKcWGtwF8dXYuUwJgnGe2/event/543ec8c89b175837ea353e20e05571c6af13db99cece7bbb6ae227bc9cace7ba"
"12/5/2020","2020-12-05T11:28:12.000Z","","Running","9.01 Km","44m 34s","43 m","35 m","641 KCal","Good ","","12.13 km/h","04:56 min/km","","04:48 min/km","162 bpm","","","59.40 ","https://quantified-self.io/user/fRf6bCiiKcWGtwF8dXYuUwJgnGe2/event/d4caf20a75b539f69be1fcf43286e2899d7e460e079416e24c85949abf29abab"
"12/6/2020","2020-12-06T09:04:03.000Z","","Running","19.22 Km","01h 47m 18s","0 m","14 m","1190 KCal","Very Good ","","10.75 km/h","05:34 min/km","","05:34 min/km","150 bpm","","","59.60 ","https://quantified-self.io/user/fRf6bCiiKcWGtwF8dXYuUwJgnGe2/event/e44bfd90a1f7bc7095113f955c28548c8dc013690cb0bd0af2b5bf85144a9a20"
"12/7/2020","2020-12-07T09:03:23.000Z","","Running","10.52 Km","01h 04m 54s","157 m","120 m","669 KCal","Very Good ","","9.72 km/h","06:10 min/km","","05:52 min/km","138 bpm","","","59.20 ","https://quantified-self.io/user/fRf6bCiiKcWGtwF8dXYuUwJgnGe2/event/9153581ea2871d8f7583751215f8066673a0ebe4ab45f1ea6bd0e7a1e7c024cf"
"12/8/2020","2020-12-08T08:53:42.000Z","","Running","10.64 Km","55m 28s","106 m","106 m","715 KCal","Good ","","11.51 km/h","05:12 min/km","","04:59 min/km","156 bpm","","","59.50 ","https://quantified-self.io/user/fRf6bCiiKcWGtwF8dXYuUwJgnGe2/event/65a591b21bf7d031dbb324fc2ff736fab9ca2f708d751b2d886d46a9035ade06"
"12/9/2020","2020-12-09T14:07:56.000Z","","Running","11.01 Km","56m 38s","71 m","100 m","798 KCal","Very Good ","","11.66 km/h","05:08 min/km","","04:59 min/km","161 bpm","","","59.30 ","https://quantified-self.io/user/fRf6bCiiKcWGtwF8dXYuUwJgnGe2/event/e1fb0006fa9037ad97a5d07ff6cb96605d459416254824eb9596b26d021c5a18"
"12/10/2020","2020-12-10T09:23:31.000Z","","Running","16.11 Km","01h 37m 14s","78 m","43 m","1081 KCal","Excellent ","","9.94 km/h","06:02 min/km","","05:56 min/km","152 bpm","","","60.20 ","https://quantified-self.io/user/fRf6bCiiKcWGtwF8dXYuUwJgnGe2/event/7b8425bfd0bfc435e8e52c327d9929decd8aa4f2eda66d1a23f7b617d558236e"
"12/11/2020","2020-12-11T09:51:18.000Z","","Running","11.59 Km","01h 02m 03s","113 m","78 m","749 KCal","Very Good ","","11.21 km/h","05:21 min/km","","05:07 min/km","152 bpm","","","59.80 ","https://quantified-self.io/user/fRf6bCiiKcWGtwF8dXYuUwJgnGe2/event/08b282d065f1a0c3b90f2c324aa4cb8765041697a30933b32389d18c106d5e66"
"12/12/2020","2020-12-12T09:27:13.000Z","","Running","30.20 Km","03h 04m 35s","191 m","154 m","1960 KCal","Good ","","9.82 km/h","06:06 min/km","","06:00 min/km","146 bpm","","","59.30 ","https://quantified-self.io/user/fRf6bCiiKcWGtwF8dXYuUwJgnGe2/event/471f467e6a68a386b0f77f012519c539d9f3823db6634f01238575a5e20ba678"
"12/13/2020","2020-12-13T11:51:51.000Z","","Running","10.05 Km","01h 03m 40s","92 m","99 m","629 KCal","Very Good ","","9.47 km/h","06:20 min/km","","06:07 min/km","138 bpm","","","58.70 ","https://quantified-self.io/user/fRf6bCiiKcWGtwF8dXYuUwJgnGe2/event/c37eedc4ab25b870845e51bdb170bc0ce0f4d468d579b867a8cc1fb0e5804750"
"12/14/2020","2020-12-14T10:09:00.000Z","","Running","13.86 Km","01h 16m 17s","148 m","106 m","833 KCal","Good ","","10.90 km/h","05:30 min/km","","05:19 min/km","147 bpm","","","58.80 ","https://quantified-self.io/user/fRf6bCiiKcWGtwF8dXYuUwJgnGe2/event/ebc1bac7c62d852ce6000dfb193bf2ab53a56a3412874485f392d280b14dad78"
"12/15/2020","2020-12-15T08:29:56.000Z","","Running","12.84 Km","01h 11m 17s","128 m","113 m","800 KCal","Good ","","10.81 km/h","05:33 min/km","","05:19 min/km","149 bpm","","","58.90 ","https://quantified-self.io/user/fRf6bCiiKcWGtwF8dXYuUwJgnGe2/event/c27b8d99f8d3b4b0d5df3db391389e2b08e967bd7b0c4c19c9d2fc3cd7254dd6"
"12/16/2020","2020-12-16T09:16:07.000Z","","Running","235.0 m","01m 15s","21 m","0 m","11 KCal","","","11.15 km/h","05:22 min/km","","03:47 min/km","136 bpm","","","58.90 ","https://quantified-self.io/user/fRf6bCiiKcWGtwF8dXYuUwJgnGe2/event/f2d3e998e6035cb3eefa3fafe7be38f2d1a200f793f11c74264d21277a435d4d"
"12/16/2020","2020-12-16T09:18:17.000Z","","Running","12.30 Km","01h 06m 22s","92 m","92 m","788 KCal","Very Good ","","11.12 km/h","05:23 min/km","","05:13 min/km","153 bpm","","","58.80 ","https://quantified-self.io/user/fRf6bCiiKcWGtwF8dXYuUwJgnGe2/event/24147853338a46fe625a400a1988c7cfee431dcf63b043d62dd81f21f7649f5b"
"12/17/2020","2020-12-17T09:27:59.000Z","","Running","22.14 Km","01h 54m 13s","77 m","63 m","1282 KCal","Very Good ","","11.63 km/h","05:09 min/km","","05:05 min/km","151 bpm","","","59.40 ","https://quantified-self.io/user/fRf6bCiiKcWGtwF8dXYuUwJgnGe2/event/b5e4a34e45fec3951791bbe533212aa3fe28bccb79cf35edeaf62119bf974688"
"12/18/2020","2020-12-18T08:32:17.000Z","","Running","12.29 Km","01h 13m 58s","92 m","56 m","1211 KCal","Very Good ","","9.97 km/h","06:01 min/km","","05:44 min/km","180 bpm","","","54.80 ","https://quantified-self.io/user/fRf6bCiiKcWGtwF8dXYuUwJgnGe2/event/27c809caf19ab00dbae9e5fc859da6998cf578544e9157949939ac215f87b140"
"12/19/2020","2020-12-19T10:31:57.000Z","","Running","8.94 Km","50m 21s","35 m","50 m","562 KCal","Average ","","10.66 km/h","05:37 min/km","","05:27 min/km","150 bpm","","","55.00 ","https://quantified-self.io/user/fRf6bCiiKcWGtwF8dXYuUwJgnGe2/event/00cb7f8fce9c68eb2263c0652a23539020913cd25b71337f88c8f950a6121c49"
"12/20/2020","2020-12-20T09:00:07.000Z","","Running","10.97 Km","01h 00m 22s","92 m","71 m","852 KCal","Very Good ","","10.90 km/h","05:30 min/km","","05:13 min/km","196 bpm","","","55.00 ","https://quantified-self.io/user/fRf6bCiiKcWGtwF8dXYuUwJgnGe2/event/e80820372c0ef537fdf5ae27fb56f89f0c4d28b958a1859aee04c8d6ed8c6ffc"
"12/23/2020","2020-12-23T12:39:05.000Z","","Running","16.70 Km","01h 54m 54s","492 m","362 m","1669 KCal","Good ","","8.72 km/h","06:52 min/km","","05:50 min/km","169 bpm","","","54.70 ","https://quantified-self.io/user/fRf6bCiiKcWGtwF8dXYuUwJgnGe2/event/09af11307b2848cc0c05b890a59fe7120234549dab837005eef658115b7393e3"
"12/24/2020","2020-12-24T12:56:01.000Z","","Running","5.46 Km","33m 11s","42 m","57 m","440 KCal","Good ","","9.87 km/h","06:04 min/km","","05:58 min/km","158 bpm","","","54.30 ","https://quantified-self.io/user/fRf6bCiiKcWGtwF8dXYuUwJgnGe2/event/bed490b3bdb65750200cc31c09a1f5619ea0fc3c57a070bc58d8d23fe8f6138e"
"12/26/2020","2020-12-26T12:37:04.000Z","","Running","5.40 Km","34m 22s","65 m","35 m","442 KCal","Poor ","","9.43 km/h","06:21 min/km","","06:01 min/km","157 bpm","","","54.00 ","https://quantified-self.io/user/fRf6bCiiKcWGtwF8dXYuUwJgnGe2/event/dcd44f2c9074d4b723aac0db660e16d55811fc72a5acf5aa48ba77644a87431a"
"12/27/2020","2020-12-27T10:01:34.000Z","","Running","34.60 Km","03h 34m 29s","657 m","709 m","3094 KCal","Good ","","9.68 km/h","06:11 min/km","","05:36 min/km","171 bpm","","","53.80 ","https://quantified-self.io/user/fRf6bCiiKcWGtwF8dXYuUwJgnGe2/event/2e1d97b06a07831d68655d5c11564739b045b028577a2d349d0005f2fae15eba"
"12/29/2020","2020-12-29T08:39:19.000Z","","Running","7.52 Km","48m 16s","105 m","163 m","629 KCal","Good ","","9.34 km/h","06:25 min/km","","05:55 min/km","154 bpm","","","53.70 ","https://quantified-self.io/user/fRf6bCiiKcWGtwF8dXYuUwJgnGe2/event/3eeaba7358be5e890848b5ffd7015d5a39210f3b4e88fab1da43f5a2fce2d694"
